WELL_NAME,PAD,TARGET_FORMATION,MD_FT,EASTING_FT,NORTHING_FT,TVD_FT,INCLINATION_DEG,AZIMUTH_DEG,DOGLEG_SEVERITY_DEG_100FT,BUILD_RATE_DEG_100FT,ROP_FT_HR,WOB_KLB,FRAC_STAGE,PROPPANT_LBS,FLUID_BBL,ISIP_PSI
MID-A1H,Bravo 12,WCA,100,401354.6,406363.4,100.0,0.38,12.0,0.57,0.376,25.1,37.5,,,,
MID-A1H,Bravo 12,WCA,200,401354.7,406364.3,200.0,0.52,12.0,0.29,0.14,41.5,36.1,,,,
MID-A1H,Bravo 12,WCA,300,401354.7,406364.3,300.0,0,12.0,0.71,-0.567,28.9,37.0,,,,
MID-A1H,Bravo 12,WCA,400,401354.7,406364.3,400.0,0,12.0,0.55,-0.292,26.8,19.4,,,,
MID-A1H,Bravo 12,WCA,500,401354.8,406364.4,500.0,0.04,12.0,0.3,0.035,35.8,39.5,,,,
MID-A1H,Bravo 12,WCA,600,401354.8,406364.4,600.0,0,12.0,0.48,-0.305,29.1,19.7,,,,
MID-A1H,Bravo 12,WCA,700,401354.8,406364.5,700.0,0.1,12.0,0.45,0.103,49.4,21.4,,,,
MID-A1H,Bravo 12,WCA,800,401354.8,406364.5,800.0,0,12.0,0.86,-0.596,25.3,38.3,,,,
MID-A1H,Bravo 12,WCA,900,401354.9,406365.0,900.0,0.26,12.0,0.44,0.259,45.8,19.1,,,,
MID-A1H,Bravo 12,WCA,1000,401355.0,406365.5,1000.0,0.31,12.0,0.24,0.048,34.6,35.1,,,,
MID-A1H,Bravo 12,WCA,1100,401355.0,406365.6,1100.0,0.07,12.0,0.44,-0.234,31.3,37.5,,,,
MID-A1H,Bravo 12,WCA,1200,401355.2,406366.6,1200.0,0.56,12.0,0.59,0.492,37.1,29.1,,,,
MID-A1H,Bravo 12,WCA,1300,401355.5,406368.0,1300.0,0.8,12.0,0.31,0.233,36.6,37.3,,,,
MID-A1H,Bravo 12,WCA,1400,401355.7,406368.7,1400.0,0.42,12.0,0.4,-0.382,38.0,38.3,,,,
MID-A1H,Bravo 12,WCA,1500,401355.9,406369.6,1500.0,0.57,12.0,0.25,0.154,47.9,26.2,,,,
MID-A1H,Bravo 12,WCA,1600,401356.1,406370.5,1600.0,0.51,12.0,0.23,-0.055,46.5,27.7,,,,
MID-A1H,Bravo 12,WCA,1700,401356.1,406370.9,1700.0,0.25,12.0,0.33,-0.264,36.3,35.2,,,,
MID-A1H,Bravo 12,WCA,1800,401356.3,406371.8,1800.0,0.48,12.0,0.54,0.231,28.9,38.0,,,,
MID-A1H,Bravo 12,WCA,1900,401356.5,406372.9,1900.0,0.66,12.0,0.25,0.18,30.5,31.7,,,,
MID-A1H,Bravo 12,WCA,2000,401356.8,406373.9,1999.9,0.6,12.0,0.08,-0.062,31.1,24.9,,,,
MID-A1H,Bravo 12,WCA,2100,401356.8,406373.9,2099.9,0,12.0,0.88,-0.726,40.8,36.2,,,,
MID-A1H,Bravo 12,WCA,2200,401356.8,406373.9,2199.9,0,12.0,0.69,-0.413,46.0,21.5,,,,
MID-A1H,Bravo 12,WCA,2300,401356.8,406373.9,2299.9,0,12.0,0.44,-0.305,38.6,29.5,,,,
MID-A1H,Bravo 12,WCA,2400,401356.9,406374.8,2399.9,0.5,12.0,0.64,0.501,39.7,34.3,,,,
MID-A1H,Bravo 12,WCA,2500,401357.2,406376.0,2499.9,0.74,12.0,0.33,0.234,34.0,29.7,,,,
MID-A1H,Bravo 12,WCA,2600,401357.4,406376.8,2599.9,0.45,12.0,0.61,-0.282,49.5,37.1,,,,
MID-A1H,Bravo 12,WCA,2700,401357.6,406378.0,2699.9,0.67,12.0,0.3,0.221,29.4,38.4,,,,
MID-A1H,Bravo 12,WCA,2800,401357.6,406378.0,2799.9,0.0,12.0,0.91,-0.672,26.0,35.6,,,,
MID-A1H,Bravo 12,WCA,2900,401357.6,406378.0,2899.9,0,12.0,0.47,-0.122,28.4,27.4,,,,
MID-A1H,Bravo 12,WCA,3000,401357.7,406378.1,2999.9,0.06,12.0,0.22,0.058,47.8,36.4,,,,
MID-A1H,Bravo 12,WCA,3100,401357.8,406378.8,3099.9,0.44,12.0,0.61,0.379,30.6,39.4,,,,
MID-A1H,Bravo 12,WCA,3200,401358.1,406380.0,3199.9,0.71,12.0,0.37,0.275,39.2,29.2,,,,
MID-A1H,Bravo 12,WCA,3300,401358.1,406380.0,3299.9,0,12.0,0.86,-0.718,38.0,25.2,,,,
MID-A1H,Bravo 12,WCA,3400,401358.2,406380.5,3399.9,0.26,12.0,0.36,0.264,28.0,25.5,,,,
MID-A1H,Bravo 12,WCA,3500,401358.2,406380.5,3499.9,0,12.0,0.72,-0.634,39.0,22.7,,,,
MID-A1H,Bravo 12,WCA,3600,401358.2,406380.5,3599.9,0,12.0,0.37,-0.284,37.5,36.1,,,,
MID-A1H,Bravo 12,WCA,3700,401358.3,406381.3,3699.9,0.46,12.0,0.69,0.464,30.2,29.7,,,,
MID-A1H,Bravo 12,WCA,3800,401358.6,406382.5,3799.9,0.74,12.0,0.47,0.28,39.9,29.9,,,,
MID-A1H,Bravo 12,WCA,3900,401358.9,406383.8,3899.9,0.76,12.0,0.16,0.014,32.2,35.5,,,,
MID-A1H,Bravo 12,WCA,4000,401359.0,406384.4,3999.9,0.37,12.0,0.46,-0.393,31.3,19.1,,,,
MID-A1H,Bravo 12,WCA,4100,401359.0,406384.4,4099.9,0,12.0,0.64,-0.366,28.8,38.7,,,,
MID-A1H,Bravo 12,WCA,4200,401359.1,406385.1,4199.9,0.38,12.0,0.58,0.379,43.4,21.2,,,,
MID-A1H,Bravo 12,WCA,4300,401359.1,406385.1,4299.9,0,12.0,0.6,-0.558,43.6,39.7,,,,
MID-A1H,Bravo 12,WCA,4400,401359.3,406385.6,4399.9,0.32,12.0,0.54,0.323,24.7,29.9,,,,
MID-A1H,Bravo 12,WCA,4500,401359.3,406385.9,4499.9,0.14,12.0,0.22,-0.185,24.2,23.1,,,,
MID-A1H,Bravo 12,WCA,4600,401359.3,406385.9,4599.9,0,12.0,0.54,-0.477,47.7,24.8,,,,
MID-A1H,Bravo 12,WCA,4700,401359.4,406386.5,4699.9,0.37,12.0,0.54,0.37,26.2,19.2,,,,
MID-A1H,Bravo 12,WCA,4800,401359.4,406386.5,4799.9,0,12.0,0.69,-0.374,25.5,21.2,,,,
MID-A1H,Bravo 12,WCA,4900,401359.5,406386.8,4899.9,0.16,12.0,0.41,0.157,43.2,36.4,,,,
MID-A1H,Bravo 12,WCA,5000,401359.5,406386.8,4999.9,0,12.0,0.25,-0.172,37.6,28.5,,,,
MID-A1H,Bravo 12,WCA,5100,401359.6,406387.4,5099.9,0.35,12.0,0.36,0.349,25.5,31.8,,,,
MID-A1H,Bravo 12,WCA,5200,401359.6,406387.4,5199.9,0,12.0,0.62,-0.549,24.8,31.9,,,,
MID-A1H,Bravo 12,WCA,5300,401359.8,406388.1,5299.9,0.44,12.0,0.72,0.441,46.3,27.7,,,,
MID-A1H,Bravo 12,WCA,5400,401359.8,406388.4,5399.9,0.16,12.0,0.5,-0.279,32.3,23.8,,,,
MID-A1H,Bravo 12,WCA,5500,401360.0,406389.2,5499.9,0.44,12.0,0.59,0.279,28.4,24.4,,,,
MID-A1H,Bravo 12,WCA,5600,401360.1,406389.7,5599.9,0.3,12.0,0.44,-0.137,49.9,29.4,,,,
MID-A1H,Bravo 12,WCA,5700,401360.3,406390.6,5699.9,0.53,12.0,0.43,0.232,41.0,26.2,,,,
MID-A1H,Bravo 12,WCA,5800,401360.5,406391.4,5799.9,0.47,12.0,0.38,-0.06,25.2,31.4,,,,
MID-A1H,Bravo 12,WCA,5900,401360.6,406392.1,5899.9,0.39,12.0,0.09,-0.081,44.1,28.7,,,,
MID-A1H,Bravo 12,WCA,6000,401360.6,406392.1,5999.9,0,12.0,0.78,-0.513,26.1,22.5,,,,
MID-A1H,Bravo 12,WCA,6100,401360.6,406392.1,6099.9,0,12.0,0.35,-0.171,35.0,35.1,,,,
MID-A1H,Bravo 12,WCA,6200,401360.8,406392.7,6199.9,0.37,12.0,0.58,0.374,29.1,37.0,,,,
MID-A1H,Bravo 12,WCA,6300,401360.8,406393.1,6299.9,0.24,12.0,0.38,-0.139,34.6,37.2,,,,
MID-A1H,Bravo 12,WCA,6400,401361.9,406398.5,6399.7,3.17,12.0,3.23,2.931,47.4,33.5,,,,
MID-A1H,Bravo 12,WCA,6500,401364.3,406409.8,6499.0,6.66,12.0,3.63,3.489,35.6,36.0,,,,
MID-A1H,Bravo 12,WCA,6600,401367.8,406426.7,6597.5,9.95,12.0,3.35,3.292,46.3,33.2,,,,
MID-A1H,Bravo 12,WCA,6700,401372.8,406449.9,6694.7,13.69,12.0,3.76,3.742,47.5,30.1,,,,
MID-A1H,Bravo 12,WCA,6800,401379.5,406480.5,6789.7,18.21,12.0,4.64,4.52,30.5,22.6,,,,
MID-A1H,Bravo 12,WCA,6900,401387.7,406518.0,6882.0,22.55,12.0,4.42,4.337,27.2,27.3,,,,
MID-A1H,Bravo 12,WCA,7000,401397.0,406561.0,6971.8,26.13,12.0,3.93,3.587,30.1,24.6,,,,
MID-A1H,Bravo 12,WCA,7100,401407.9,406610.1,7058.2,30.22,12.0,4.29,4.091,48.8,34.9,,,,
MID-A1H,Bravo 12,WCA,7200,401420.0,406665.4,7140.8,34.37,12.0,4.17,4.145,42.6,37.6,,,,
MID-A1H,Bravo 12,WCA,7300,401433.0,406725.8,7219.6,38.01,12.0,3.9,3.641,48.8,18.7,,,,
MID-A1H,Bravo 12,WCA,7400,401447.7,406792.3,7292.8,42.9,12.0,5.01,4.887,44.9,34.5,,,,
MID-A1H,Bravo 12,WCA,7500,401463.3,406864.2,7360.6,47.29,12.0,4.64,4.395,46.9,32.9,,,,
MID-A1H,Bravo 12,WCA,7600,401480.0,406940.8,7423.1,51.34,12.0,4.38,4.051,44.2,19.0,,,,
MID-A1H,Bravo 12,WCA,7700,401497.5,407021.3,7480.0,55.35,12.0,4.19,4.008,47.0,21.3,,,,
MID-A1H,Bravo 12,WCA,7800,401515.8,407105.3,7531.5,58.99,12.0,3.67,3.636,33.1,32.2,,,,
MID-A1H,Bravo 12,WCA,7900,401535.4,407192.4,7577.3,62.71,12.0,3.94,3.726,27.8,18.3,,,,
MID-A1H,Bravo 12,WCA,8000,401553.3,407282.5,7615.7,67.45,12.0,4.82,4.734,47.7,19.5,,,,
MID-A1H,Bravo 12,WCA,8100,401574.0,407375.1,7648.0,71.12,12.0,3.85,3.669,46.4,36.2,,,,
MID-A1H,Bravo 12,WCA,8200,401593.9,407469.9,7673.3,75.39,12.0,4.34,4.275,39.8,20.4,,,,
MID-A1H,Bravo 12,WCA,8300,401615.4,407566.3,7690.9,79.84,12.0,4.51,4.453,30.5,20.7,,,,
MID-A1H,Bravo 12,WCA,8400,401635.7,407663.8,7701.4,83.99,12.0,4.38,4.146,39.1,28.9,,,,
MID-A1H,Bravo 12,WCA,8500,401656.0,407761.5,7706.7,86.93,12.0,3.22,2.937,46.2,34.2,,,,
MID-A1H,Bravo 12,WCA,8600,401675.8,407859.2,7709.4,88.44,12.0,1.8,1.51,98.8,20.5,1,398933,10601,6239
MID-A1H,Bravo 12,WCA,8700,401696.8,407957.3,7710.0,89.65,12.0,1.4,1.216,70.0,39.7,,,,
MID-A1H,Bravo 12,WCA,8800,401718.2,408055.1,7710.3,89.85,12.0,0.22,0.197,75.7,32.0,2,340833,11267,6626
MID-A1H,Bravo 12,WCA,8900,401740.0,408153.1,7710.2,90.04,12.0,0.49,0.186,95.7,28.5,,,,
MID-A1H,Bravo 12,WCA,9000,401761.3,408250.8,7710.0,90.13,12.0,0.16,0.094,68.4,38.8,3,539237,10133,7001
MID-A1H,Bravo 12,WCA,9100,401783.5,408348.6,7709.3,90.4,12.0,0.49,0.264,62.1,18.3,,,,
MID-A1H,Bravo 12,WCA,9200,401803.8,408446.5,7708.9,90.24,12.0,0.33,-0.156,97.5,31.7,4,594717,8966,6476
MID-A1H,Bravo 12,WCA,9300,401824.9,408544.2,7709.7,89.57,12.0,0.7,-0.671,92.2,31.3,,,,
MID-A1H,Bravo 12,WCA,9400,401845.0,408641.8,7710.6,89.47,12.0,0.28,-0.103,75.6,34.2,5,473680,10842,7231
MID-A1H,Bravo 12,WCA,9500,401867.0,408739.4,7711.2,89.68,12.0,0.42,0.218,89.8,27.7,,,,
MID-A1H,Bravo 12,WCA,9600,401888.9,408837.4,7710.7,90.23,12.0,0.78,0.547,83.4,25.4,6,554121,9981,7137
MID-A1H,Bravo 12,WCA,9700,401910.2,408935.2,7711.4,89.6,12.0,0.76,-0.627,82.2,27.4,,,,
MID-A1H,Bravo 12,WCA,9800,401930.5,409032.9,7712.3,89.52,12.0,0.13,-0.083,69.2,34.1,7,394919,8969,7351
MID-A1H,Bravo 12,WCA,9900,401951.3,409130.4,7713.2,89.46,12.0,0.19,-0.062,73.4,36.0,,,,
MID-A1H,Bravo 12,WCA,10000,401971.5,409228.3,7713.5,89.84,12.0,0.46,0.38,62.8,29.8,8,479600,10092,6679
MID-A1H,Bravo 12,WCA,10100,401991.9,409325.9,7713.2,90.18,12.0,0.63,0.337,73.1,26.1,,,,
MID-A1H,Bravo 12,WCA,10200,402012.4,409423.9,7713.7,89.71,12.0,0.67,-0.47,86.6,19.0,9,492530,9697,6118
MID-A1H,Bravo 12,WCA,10300,402033.4,409522.0,7714.9,89.32,12.0,0.62,-0.386,74.2,36.7,,,,
MID-A1H,Bravo 12,WCA,10400,402054.7,409619.8,7715.9,89.44,12.0,0.24,0.124,89.2,36.6,10,416871,11770,7465
MID-A1H,Bravo 12,WCA,10500,402075.8,409717.6,7716.3,89.76,12.0,0.53,0.319,73.5,30.3,,,,
MID-A1H,Bravo 12,WCA,10600,402096.8,409815.4,7716.9,89.68,12.0,0.29,-0.084,88.8,39.8,11,524106,9828,6430
MID-A1H,Bravo 12,WCA,10700,402117.0,409913.2,7717.1,89.88,12.0,0.41,0.206,70.9,36.4,,,,
MID-A1H,Bravo 12,WCA,10800,402137.0,410011.1,7716.6,90.26,12.0,0.72,0.376,99.6,19.2,12,473225,10492,6346
MID-A1H,Bravo 12,WCA,10900,402157.1,410109.0,7715.7,90.53,12.0,0.48,0.276,83.6,27.4,,,,
MID-A1H,Bravo 12,WCA,11000,402177.0,410206.7,7715.7,89.98,12.0,0.56,-0.558,78.3,34.8,13,508224,11606,7063
MID-A1H,Bravo 12,WCA,11100,402198.3,410304.7,7716.1,89.76,12.0,0.27,-0.216,69.3,37.9,,,,
MID-A1H,Bravo 12,WCA,11200,402220.4,410402.5,7716.4,89.87,12.0,0.4,0.114,68.0,18.8,14,384458,10150,7182
MID-A1H,Bravo 12,WCA,11300,402242.2,410500.1,7715.6,90.42,12.0,0.81,0.549,75.1,33.2,,,,
MID-A1H,Bravo 12,WCA,11400,402264.4,410597.9,7716.2,89.67,12.0,0.76,-0.756,84.7,19.0,15,442337,10451,6150
MID-A1H,Bravo 12,WCA,11500,402285.2,410695.4,7716.1,90.07,12.0,0.51,0.399,81.2,25.7,,,,
MID-A1H,Bravo 12,WCA,11600,402304.9,410792.9,7716.3,89.85,12.0,0.37,-0.214,96.9,32.2,16,356662,8905,7364
MID-A1H,Bravo 12,WCA,11700,402326.5,410890.5,7716.4,89.94,12.0,0.19,0.085,83.1,36.9,,,,
MID-A1H,Bravo 12,WCA,11800,402346.3,410988.4,7716.8,89.8,12.0,0.46,-0.14,68.8,19.7,17,586797,10269,6960
MID-A1H,Bravo 12,WCA,11900,402366.0,411086.3,7717.7,89.5,12.0,0.49,-0.299,76.2,36.5,,,,
MID-A1H,Bravo 12,WCA,12000,402385.6,411184.3,7718.8,89.36,12.0,0.25,-0.143,93.3,35.6,18,452586,9493,6283
MID-A1H,Bravo 12,WCA,12100,402406.0,411282.0,7718.4,90.2,12.0,0.98,0.844,62.5,21.9,,,,
MID-A1H,Bravo 12,WCA,12200,402426.7,411380.0,7718.5,89.96,12.0,0.28,-0.238,97.2,24.2,19,425330,9010,6264
MID-A1H,Bravo 12,WCA,12300,402448.2,411478.0,7719.2,89.61,12.0,0.54,-0.351,98.9,23.1,,,,
MID-A1H,Bravo 12,WCA,12400,402469.1,411576.0,7720.3,89.35,12.0,0.33,-0.264,79.6,34.3,20,499331,10206,7283
MID-A1H,Bravo 12,WCA,12500,402488.9,411674.0,7720.1,90.15,12.0,0.99,0.799,81.1,25.0,,,,
MID-A1H,Bravo 12,WCA,12600,402510.7,411771.8,7720.7,89.61,12.0,0.7,-0.536,81.3,18.9,21,528558,8281,7461
MID-A1H,Bravo 12,WCA,12700,402531.3,411869.6,7720.7,90.04,12.0,0.7,0.433,70.5,19.1,,,,
MID-A1H,Bravo 12,WCA,12800,402553.5,411967.2,7720.7,90.0,12.0,0.16,-0.044,70.8,38.0,22,344590,11523,6298
MID-A1H,Bravo 12,WCA,12900,402573.6,412065.1,7721.3,89.65,12.0,0.37,-0.349,63.8,34.8,,,,
MID-A1H,Bravo 12,WCA,13000,402595.0,412162.7,7721.0,90.13,12.0,0.49,0.479,78.2,25.4,23,371187,8968,7388
MID-A1H,Bravo 12,WCA,13100,402615.8,412260.4,7721.0,90.05,12.0,0.4,-0.078,87.8,18.1,,,,
MID-A1H,Bravo 12,WCA,13200,402636.7,412358.3,7720.9,90.01,12.0,0.15,-0.038,63.1,21.7,24,560471,9657,7047
MID-A1H,Bravo 12,WCA,13300,402656.1,412456.0,7721.9,89.46,12.0,0.76,-0.553,71.5,28.2,,,,
MID-A1H,Bravo 12,WCA,13400,402675.9,412553.7,7723.0,89.33,12.0,0.47,-0.133,88.8,37.8,25,459831,11776,7231
MID-A1H,Bravo 12,WCA,13500,402697.8,412651.7,7724.1,89.37,12.0,0.16,0.046,99.7,20.3,,,,
MID-A1H,Bravo 12,WCA,13600,402719.8,412749.3,7724.8,89.63,12.0,0.48,0.259,99.7,23.1,26,459158,10457,6617
MID-A1H,Bravo 12,WCA,13700,402740.2,412847.3,7724.2,90.34,12.0,0.78,0.705,76.8,33.4,,,,
MID-A1H,Bravo 12,WCA,13800,402759.9,412945.2,7723.8,90.21,12.0,0.24,-0.131,83.3,23.1,27,344978,8417,6960
MID-A1H,Bravo 12,WCA,13900,402779.9,413043.0,7724.0,89.88,12.0,0.62,-0.333,89.5,20.5,,,,
MID-A1H,Bravo 12,WCA,14000,402801.7,413140.5,7724.5,89.75,12.0,0.31,-0.122,84.9,25.5,28,556057,11646,6772
MID-A1H,Bravo 12,WCA,14100,402823.6,413238.6,7724.5,89.99,12.0,0.41,0.24,84.0,25.5,,,,
MID-A1H,Bravo 12,WCA,14200,402844.1,413336.1,7724.1,90.23,12.0,0.26,0.24,68.9,30.4,29,343277,11765,6223
MID-A1H,Bravo 12,WCA,14300,402863.7,413433.9,7724.1,89.97,12.0,0.53,-0.264,78.6,18.8,,,,
MID-A1H,Bravo 12,WCA,14400,402884.0,413531.6,7723.7,90.26,12.0,0.62,0.286,88.5,31.4,30,486781,9333,6768
MID-A1H,Bravo 12,WCA,14500,402904.4,413629.1,7724.4,89.61,12.0,0.91,-0.647,97.6,34.9,,,,
MID-A1H,Bravo 12,WCA,14600,402925.2,413727.1,7724.0,90.18,12.0,0.59,0.569,93.2,38.2,31,489715,10814,6190
MID-A1H,Bravo 12,WCA,14700,402945.5,413825.1,7724.1,89.96,12.0,0.4,-0.215,78.3,31.8,,,,
MID-A1H,Bravo 12,WCA,14800,402967.3,413922.7,7724.9,89.56,12.0,0.67,-0.403,80.2,21.1,32,441955,11342,6532
MID-A1H,Bravo 12,WCA,14900,402989.1,414020.6,7724.6,90.17,12.0,0.62,0.605,66.0,28.1,,,,
MID-A1H,Bravo 12,WCA,15000,403010.1,414118.2,7724.9,89.79,12.0,0.68,-0.373,94.5,39.5,33,501645,9484,7414
MID-A1H,Bravo 12,WCA,15100,403031.1,414216.1,7724.6,90.19,12.0,0.52,0.397,76.5,24.0,,,,
MID-A1H,Bravo 12,WCA,15200,403051.4,414313.9,7725.0,89.75,12.0,0.72,-0.442,90.1,35.7,34,446993,10570,6544
MID-A1H,Bravo 12,WCA,15300,403073.1,414411.4,7725.3,89.87,12.0,0.15,0.118,64.6,19.4,,,,
MID-A1H,Bravo 12,WCA,15400,403093.1,414509.5,7725.8,89.72,12.0,0.4,-0.148,76.9,22.5,35,352346,9027,7340
MID-A1H,Bravo 12,WCA,15500,403112.6,414607.2,7726.8,89.41,12.0,0.52,-0.31,82.4,31.8,,,,
MID-A1H,Bravo 12,WCA,15600,403132.0,414705.1,7726.4,90.22,12.0,1.1,0.814,73.9,37.2,36,567644,9937,7350
MID-A1H,Bravo 12,WCA,15700,403153.0,414802.7,7725.7,90.42,12.0,0.37,0.191,81.7,23.1,,,,
MID-A1H,Bravo 12,WCA,15800,403174.7,414900.5,7725.0,90.39,12.0,0.12,-0.03,82.2,37.1,37,554480,11471,6356
MID-A1H,Bravo 12,WCA,15900,403195.1,414998.2,7724.6,90.22,12.0,0.48,-0.168,78.3,24.2,,,,
MID-A1H,Bravo 12,WCA,16000,403216.6,415096.2,7725.2,89.69,12.0,0.74,-0.528,71.9,29.7,38,426224,8535,6543
MID-A1H,Bravo 12,WCA,16100,403238.0,415193.8,7725.0,90.13,12.0,0.55,0.438,95.3,37.1,,,,
MID-A1H,Bravo 12,WCA,16200,403258.9,415291.7,7724.9,90.03,12.0,0.25,-0.1,72.4,26.7,39,545164,8630,7106
MID-A1H,Bravo 12,WCA,16300,403279.5,415389.3,7724.4,90.26,12.0,0.49,0.237,85.6,31.2,,,,
MID-A1H,Bravo 12,WCA,16400,403300.6,415487.1,7723.8,90.36,12.0,0.41,0.101,70.6,26.4,40,445265,8786,6191
MID-A1H,Bravo 12,WCA,16500,403320.5,415585.1,7722.9,90.51,12.0,0.38,0.143,83.0,23.8,,,,
MID-A1H,Bravo 12,WCA,16600,403341.9,415683.1,7721.8,90.65,12.0,0.38,0.143,81.9,24.3,41,483949,11350,6246
MID-A1H,Bravo 12,WCA,16700,403363.9,415780.9,7720.9,90.5,12.0,0.16,-0.151,89.1,23.0,,,,
MID-A1H,Bravo 12,WCA,16800,403385.8,415878.6,7720.1,90.48,12.0,0.22,-0.023,67.3,28.1,42,341998,9795,7167
MID-A1H,Bravo 12,WCA,16900,403406.5,415976.2,7720.1,90.0,12.0,0.56,-0.478,96.5,30.5,,,,
MID-A1H,Bravo 12,WCA,17000,403427.1,416073.8,7719.6,90.28,12.0,0.33,0.285,75.3,21.0,43,479741,10815,7194
MID-A1H,Bravo 12,WCA,17100,403446.6,416171.9,7719.2,90.2,12.0,0.12,-0.081,87.2,36.6,,,,
MID-A1H,Bravo 12,WCA,17200,403467.2,416269.8,7719.6,89.83,12.0,0.49,-0.376,99.5,38.1,44,594856,9329,6502
MID-A1H,Bravo 12,WCA,17300,403488.1,416367.4,7719.2,90.21,12.0,0.42,0.382,86.4,39.8,,,,
MID-A1H,Bravo 12,WCA,17400,403507.8,416465.1,7719.2,89.97,12.0,0.56,-0.24,67.5,24.5,45,427709,11354,7494
MID-A1H,Bravo 12,WCA,17500,403528.3,416562.8,7719.0,90.14,12.0,0.49,0.173,75.2,37.5,,,,
MID-A1H,Bravo 12,WCA,17600,403547.9,416660.6,7718.4,90.34,12.0,0.22,0.195,66.3,31.3,46,479159,11040,6230
MID-A2H,Bravo 12,AVU,100,402000.1,406500.6,100.0,0.36,12.0,0.62,0.355,43.0,31.3,,,,
MID-A2H,Bravo 12,AVU,200,402000.2,406500.9,200.0,0.2,12.0,0.32,-0.16,37.4,21.6,,,,
MID-A2H,Bravo 12,AVU,300,402000.3,406501.4,300.0,0.26,12.0,0.14,0.063,42.4,21.7,,,,
MID-A2H,Bravo 12,AVU,400,402000.5,406502.2,400.0,0.47,12.0,0.52,0.214,36.0,21.6,,,,
MID-A2H,Bravo 12,AVU,500,402000.5,406502.3,500.0,0.09,12.0,0.66,-0.378,41.3,30.5,,,,
MID-A2H,Bravo 12,AVU,600,402000.6,406503.0,600.0,0.36,12.0,0.44,0.265,39.0,19.7,,,,
MID-A2H,Bravo 12,AVU,700,402000.7,406503.4,700.0,0.26,12.0,0.12,-0.103,48.6,36.9,,,,
MID-A2H,Bravo 12,AVU,800,402000.8,406503.5,800.0,0.07,12.0,0.53,-0.184,33.4,24.5,,,,
MID-A2H,Bravo 12,AVU,900,402000.9,406504.4,900.0,0.49,12.0,0.47,0.42,27.4,35.1,,,,
MID-A2H,Bravo 12,AVU,1000,402000.9,406504.4,1000.0,0,12.0,0.78,-0.633,41.9,29.3,,,,
MID-A2H,Bravo 12,AVU,1100,402001.1,406505.1,1100.0,0.45,12.0,0.52,0.452,30.0,22.4,,,,
MID-A2H,Bravo 12,AVU,1200,402001.3,406506.0,1200.0,0.51,12.0,0.26,0.057,44.6,26.5,,,,
MID-A2H,Bravo 12,AVU,1300,402001.4,406506.7,1300.0,0.41,12.0,0.44,-0.101,36.4,25.9,,,,
MID-A2H,Bravo 12,AVU,1400,402001.6,406507.6,1400.0,0.5,12.0,0.43,0.09,41.2,25.0,,,,
MID-A2H,Bravo 12,AVU,1500,402001.6,406507.6,1500.0,0,12.0,0.79,-0.543,38.9,27.5,,,,
MID-A2H,Bravo 12,AVU,1600,402001.6,406507.6,1600.0,0,12.0,0.38,-0.264,39.0,20.1,,,,
MID-A2H,Bravo 12,AVU,1700,402001.6,406507.6,1700.0,0,12.0,0.28,-0.219,43.2,27.6,,,,
MID-A2H,Bravo 12,AVU,1800,402001.7,406507.7,1800.0,0.11,12.0,0.45,0.106,33.7,21.8,,,,
MID-A2H,Bravo 12,AVU,1900,402001.9,406508.7,1900.0,0.58,12.0,0.54,0.472,26.9,23.4,,,,
MID-A2H,Bravo 12,AVU,2000,402002.0,406509.4,2000.0,0.37,12.0,0.26,-0.204,26.1,33.1,,,,
MID-A2H,Bravo 12,AVU,2100,402002.0,406509.4,2100.0,0,12.0,0.55,-0.504,49.5,23.0,,,,
MID-A2H,Bravo 12,AVU,2200,402002.0,406509.4,2200.0,0,12.0,0.44,-0.286,39.1,26.1,,,,
MID-A2H,Bravo 12,AVU,2300,402002.0,406509.4,2300.0,0,12.0,0.34,-0.255,37.7,23.0,,,,
MID-A2H,Bravo 12,AVU,2400,402002.0,406509.4,2400.0,0,12.0,0.46,-0.138,31.1,37.6,,,,
MID-A2H,Bravo 12,AVU,2500,402002.0,406509.4,2500.0,0,12.0,0.15,-0.046,35.9,27.2,,,,
MID-A2H,Bravo 12,AVU,2600,402002.0,406509.4,2600.0,0,12.0,0.23,-0.116,32.0,24.0,,,,
MID-A2H,Bravo 12,AVU,2700,402002.0,406509.4,2700.0,0,12.0,0.04,-0.019,33.5,20.7,,,,
MID-A2H,Bravo 12,AVU,2800,402002.0,406509.4,2800.0,0,12.0,0.54,-0.256,24.0,27.4,,,,
MID-A2H,Bravo 12,AVU,2900,402002.0,406509.4,2900.0,0,12.0,0.32,-0.235,40.2,39.2,,,,
MID-A2H,Bravo 12,AVU,3000,402002.0,406509.4,3000.0,0,12.0,0.42,-0.1,32.4,31.9,,,,
MID-A2H,Bravo 12,AVU,3100,402002.0,406509.6,3100.0,0.12,12.0,0.32,0.116,28.1,22.3,,,,
MID-A2H,Bravo 12,AVU,3200,402002.2,406510.1,3200.0,0.34,12.0,0.27,0.224,28.1,25.9,,,,
MID-A2H,Bravo 12,AVU,3300,402002.2,406510.1,3300.0,0,12.0,0.72,-0.384,41.8,35.0,,,,
MID-A2H,Bravo 12,AVU,3400,402002.2,406510.1,3400.0,0,12.0,0.49,-0.405,37.4,33.9,,,,
MID-A2H,Bravo 12,AVU,3500,402002.2,406510.1,3500.0,0,12.0,0.27,-0.219,49.8,21.0,,,,
MID-A2H,Bravo 12,AVU,3600,402002.2,406510.1,3600.0,0,12.0,0.65,-0.415,47.5,29.2,,,,
MID-A2H,Bravo 12,AVU,3700,402002.2,406510.1,3700.0,0,12.0,0.4,-0.195,49.2,37.2,,,,
MID-A2H,Bravo 12,AVU,3800,402002.2,406510.3,3800.0,0.09,12.0,0.28,0.086,24.1,34.2,,,,
MID-A2H,Bravo 12,AVU,3900,402002.2,406510.3,3900.0,0,12.0,0.11,-0.093,45.7,32.4,,,,
MID-A2H,Bravo 12,AVU,4000,402002.3,406510.9,4000.0,0.36,12.0,0.68,0.358,28.1,33.2,,,,
MID-A2H,Bravo 12,AVU,4100,402002.3,406510.9,4100.0,0,12.0,0.96,-0.712,35.8,25.1,,,,
MID-A2H,Bravo 12,AVU,4200,402002.4,406511.3,4200.0,0.26,12.0,0.56,0.263,44.2,25.9,,,,
MID-A2H,Bravo 12,AVU,4300,402002.4,406511.3,4300.0,0,12.0,0.7,-0.362,27.0,20.3,,,,
MID-A2H,Bravo 12,AVU,4400,402002.4,406511.3,4400.0,0,12.0,0.83,-0.485,41.9,25.9,,,,
MID-A2H,Bravo 12,AVU,4500,402002.4,406511.5,4500.0,0.07,12.0,0.22,0.074,47.0,30.0,,,,
MID-A2H,Bravo 12,AVU,4600,402002.6,406512.3,4600.0,0.5,12.0,0.63,0.427,30.4,38.6,,,,
MID-A2H,Bravo 12,AVU,4700,402002.8,406513.2,4700.0,0.48,12.0,0.28,-0.016,42.1,22.7,,,,
MID-A2H,Bravo 12,AVU,4800,402003.0,406514.2,4799.9,0.62,12.0,0.42,0.132,33.9,31.4,,,,
MID-A2H,Bravo 12,AVU,4900,402003.0,406514.2,4899.9,0,12.0,0.97,-0.805,32.9,21.5,,,,
MID-A2H,Bravo 12,AVU,5000,402003.1,406514.4,4999.9,0.13,12.0,0.3,0.126,35.2,30.7,,,,
MID-A2H,Bravo 12,AVU,5100,402003.1,406514.4,5099.9,0,12.0,0.37,-0.267,42.1,26.5,,,,
MID-A2H,Bravo 12,AVU,5200,402003.1,406514.4,5199.9,0,12.0,0.69,-0.523,40.5,20.8,,,,
MID-A2H,Bravo 12,AVU,5300,402003.1,406514.4,5299.9,0,12.0,0.55,-0.389,27.8,29.3,,,,
MID-A2H,Bravo 12,AVU,5400,402003.1,406514.4,5399.9,0,12.0,0.24,-0.215,43.6,26.8,,,,
MID-A2H,Bravo 12,AVU,5500,402003.2,406515.1,5499.9,0.42,12.0,0.48,0.422,31.6,18.7,,,,
MID-A2H,Bravo 12,AVU,5600,402003.2,406515.1,5599.9,0,12.0,0.77,-0.511,30.7,22.8,,,,
MID-A2H,Bravo 12,AVU,5700,402003.4,406516.0,5699.9,0.52,12.0,0.85,0.518,44.0,31.8,,,,
MID-A2H,Bravo 12,AVU,5800,402003.6,406516.8,5799.9,0.44,12.0,0.35,-0.077,39.2,21.9,,,,
MID-A2H,Bravo 12,AVU,5900,402003.8,406517.9,5899.9,0.66,12.0,0.43,0.214,24.8,39.8,,,,
MID-A2H,Bravo 12,AVU,6000,402003.9,406518.4,5999.9,0.27,12.0,0.66,-0.381,38.2,32.6,,,,
MID-A2H,Bravo 12,AVU,6100,402003.9,406518.4,6099.9,0,12.0,0.52,-0.464,24.2,31.2,,,,
MID-A2H,Bravo 12,AVU,6200,402004.1,406519.1,6199.9,0.42,12.0,0.76,0.417,25.9,26.1,,,,
MID-A2H,Bravo 12,AVU,6300,402004.1,406519.2,6299.9,0.1,12.0,0.33,-0.318,29.6,29.2,,,,
MID-A2H,Bravo 12,AVU,6400,402004.1,406519.2,6399.9,0,12.0,0.63,-0.531,28.4,35.1,,,,
MID-A2H,Bravo 12,AVU,6500,402004.3,406520.0,6499.9,0.44,12.0,0.65,0.442,31.5,30.9,,,,
MID-A2H,Bravo 12,AVU,6600,402005.2,406524.2,6599.8,2.43,12.0,2.25,1.991,38.9,32.9,,,,
MID-A2H,Bravo 12,AVU,6700,402007.3,406534.6,6699.3,6.09,12.0,3.81,3.661,42.6,33.6,,,,
MID-A2H,Bravo 12,AVU,6800,402010.7,406551.5,6797.8,9.96,12.0,4.03,3.868,40.1,22.4,,,,
MID-A2H,Bravo 12,AVU,6900,402015.4,406575.1,6894.8,13.93,12.0,4.14,3.968,48.6,20.9,,,,
MID-A2H,Bravo 12,AVU,7000,402022.0,406604.5,6990.2,17.47,12.0,3.66,3.544,29.4,24.1,,,,
MID-A2H,Bravo 12,AVU,7100,402030.1,406640.4,7083.3,21.49,12.0,4.17,4.015,34.7,18.3,,,,
MID-A2H,Bravo 12,AVU,7200,402039.1,406682.8,7173.3,25.77,12.0,4.4,4.279,30.0,28.2,,,,
MID-A2H,Bravo 12,AVU,7300,402050.0,406731.0,7260.2,29.63,12.0,4.08,3.864,34.0,34.1,,,,
MID-A2H,Bravo 12,AVU,7400,402061.9,406785.4,7343.3,33.85,12.0,4.32,4.214,33.0,24.9,,,,
MID-A2H,Bravo 12,AVU,7500,402074.8,406845.2,7422.4,37.73,12.0,4.19,3.878,25.9,21.4,,,,
MID-A2H,Bravo 12,AVU,7600,402088.3,406911.5,7496.1,42.52,12.0,4.9,4.796,34.1,20.6,,,,
MID-A2H,Bravo 12,AVU,7700,402103.6,406982.6,7564.5,46.82,12.0,4.5,4.296,33.3,28.9,,,,
MID-A2H,Bravo 12,AVU,7800,402119.0,407058.4,7627.7,50.83,12.0,4.16,4.009,39.8,34.7,,,,
MID-A2H,Bravo 12,AVU,7900,402136.3,407139.0,7684.7,55.27,12.0,4.62,4.44,28.6,33.4,,,,
MID-A2H,Bravo 12,AVU,8000,402154.6,407223.1,7735.4,59.54,12.0,4.33,4.27,32.8,34.3,,,,
MID-A2H,Bravo 12,AVU,8100,402174.0,407310.6,7779.8,63.64,12.0,4.31,4.101,43.3,32.2,,,,
MID-A2H,Bravo 12,AVU,8200,402194.3,407401.0,7818.0,67.5,12.0,4.1,3.862,47.4,22.7,,,,
MID-A2H,Bravo 12,AVU,8300,402213.3,407493.6,7850.3,71.2,12.0,3.93,3.703,36.2,34.9,,,,
MID-A2H,Bravo 12,AVU,8400,402233.5,407588.2,7875.6,75.32,12.0,4.24,4.118,32.6,23.3,,,,
MID-A2H,Bravo 12,AVU,8500,402252.9,407684.5,7895.1,78.78,12.0,3.58,3.465,44.5,35.7,,,,
MID-A2H,Bravo 12,AVU,8600,402274.6,407781.6,7907.4,82.92,12.0,4.26,4.133,46.5,20.4,,,,
MID-A2H,Bravo 12,AVU,8700,402296.2,407879.5,7913.1,86.73,12.0,3.94,3.813,39.8,37.0,,,,
MID-A2H,Bravo 12,AVU,8800,402316.6,407977.1,7915.2,88.77,12.0,2.08,2.037,67.7,20.8,1,420290,8847,7471
MID-A2H,Bravo 12,AVU,8900,402336.8,408074.8,7916.0,89.56,12.0,0.89,0.788,72.5,22.0,,,,
MID-A2H,Bravo 12,AVU,9000,402358.7,408172.7,7916.2,89.91,12.0,0.59,0.351,64.3,39.1,2,554325,8428,6455
MID-A2H,Bravo 12,AVU,9100,402378.1,408270.6,7916.4,89.9,12.0,0.29,-0.004,91.2,27.7,,,,
MID-A2H,Bravo 12,AVU,9200,402399.9,408368.2,7915.9,90.24,12.0,0.43,0.341,85.7,32.0,3,549748,9592,7212
MID-A2H,Bravo 12,AVU,9300,402420.1,408465.8,7914.9,90.56,12.0,0.37,0.32,69.2,24.7,,,,
MID-A2H,Bravo 12,AVU,9400,402441.1,408563.9,7914.0,90.54,12.0,0.29,-0.023,73.9,24.7,4,392612,10025,6242
MID-A2H,Bravo 12,AVU,9500,402462.7,408661.9,7912.9,90.65,12.0,0.35,0.109,99.4,32.2,,,,
MID-A2H,Bravo 12,AVU,9600,402484.9,408760.0,7913.2,89.82,12.0,1.13,-0.828,80.5,29.7,5,401604,9646,7048
MID-A2H,Bravo 12,AVU,9700,402504.9,408857.6,7912.6,90.35,12.0,0.81,0.533,81.2,26.2,,,,
MID-A2H,Bravo 12,AVU,9800,402526.3,408955.1,7912.2,90.2,12.0,0.33,-0.155,92.4,21.0,6,474785,10666,6817
MID-A2H,Bravo 12,AVU,9900,402545.9,409053.1,7912.0,90.12,12.0,0.09,-0.075,85.2,25.6,,,,
MID-A2H,Bravo 12,AVU,10000,402566.2,409150.7,7912.7,89.61,12.0,0.52,-0.512,79.4,35.0,7,452583,9393,7012
MID-A2H,Bravo 12,AVU,10100,402587.4,409248.8,7913.3,89.68,12.0,0.35,0.071,84.0,36.1,,,,
MID-A2H,Bravo 12,AVU,10200,402609.4,409346.5,7913.3,89.98,12.0,0.54,0.303,94.2,34.5,8,340686,9651,6272
MID-A2H,Bravo 12,AVU,10300,402629.4,409444.6,7913.1,90.11,12.0,0.3,0.13,88.5,27.1,,,,
MID-A2H,Bravo 12,AVU,10400,402649.0,409542.6,7912.2,90.53,12.0,0.68,0.417,66.4,33.8,9,477778,8789,7177
MID-A2H,Bravo 12,AVU,10500,402669.5,409640.6,7911.0,90.64,12.0,0.32,0.111,95.2,24.2,,,,
MID-A2H,Bravo 12,AVU,10600,402689.8,409738.7,7911.1,89.98,12.0,0.79,-0.665,82.6,18.3,10,481133,8394,6744
MID-A2H,Bravo 12,AVU,10700,402711.1,409836.5,7912.0,89.48,12.0,0.75,-0.497,77.9,20.5,,,,
MID-A2H,Bravo 12,AVU,10800,402730.9,409934.3,7911.9,90.06,12.0,0.86,0.576,76.7,18.5,11,538859,8613,7031
MID-A2H,Bravo 12,AVU,10900,402752.3,410032.0,7911.2,90.4,12.0,0.45,0.348,75.4,21.1,,,,
MID-A2H,Bravo 12,AVU,11000,402773.4,410129.8,7911.2,89.99,12.0,0.55,-0.417,62.4,40.0,12,482812,9829,6860
MID-A2H,Bravo 12,AVU,11100,402794.9,410227.4,7910.3,90.54,12.0,0.71,0.553,67.5,37.7,,,,
MID-A2H,Bravo 12,AVU,11200,402815.0,410325.0,7910.1,90.06,12.0,0.59,-0.477,66.5,28.8,13,441957,10184,7351
MID-A2H,Bravo 12,AVU,11300,402836.3,410422.8,7910.2,89.98,12.0,0.31,-0.082,69.3,33.9,,,,
MID-A2H,Bravo 12,AVU,11400,402857.1,410520.7,7910.0,90.09,12.0,0.42,0.106,91.0,18.3,14,494716,9981,6454
MID-A2H,Bravo 12,AVU,11500,402878.4,410618.4,7909.7,90.21,12.0,0.17,0.121,79.8,36.9,,,,
MID-A2H,Bravo 12,AVU,11600,402898.9,410716.4,7909.4,90.14,12.0,0.18,-0.064,65.8,30.6,15,502189,10620,6756
MID-A2H,Bravo 12,AVU,11700,402919.5,410814.2,7909.0,90.22,12.0,0.21,0.073,76.6,37.4,,,,
MID-A2H,Bravo 12,AVU,11800,402940.7,410911.8,7908.4,90.34,12.0,0.38,0.122,88.1,39.7,16,420821,9483,7073
MID-A2H,Bravo 12,AVU,11900,402962.9,411009.6,7908.9,89.75,12.0,0.86,-0.592,66.5,35.5,,,,
MID-A2H,Bravo 12,AVU,12000,402982.8,411107.1,7908.4,90.25,12.0,0.81,0.507,65.2,21.5,17,464596,11013,7213
MID-A2H,Bravo 12,AVU,12100,403003.7,411204.7,7907.6,90.46,12.0,0.42,0.205,93.0,38.7,,,,
MID-A2H,Bravo 12,AVU,12200,403026.0,411302.3,7907.8,89.9,12.0,0.74,-0.557,62.9,25.9,18,530184,11359,6156
MID-A2H,Bravo 12,AVU,12300,403045.7,411399.9,7907.2,90.36,12.0,0.54,0.46,64.8,28.0,,,,
MID-A2H,Bravo 12,AVU,12400,403067.4,411497.5,7907.4,89.9,12.0,0.64,-0.466,86.7,25.4,19,572363,10507,6461
MID-A2H,Bravo 12,AVU,12500,403087.0,411595.4,7908.1,89.58,12.0,0.36,-0.319,89.4,34.7,,,,
MID-A2H,Bravo 12,AVU,12600,403108.6,411693.0,7909.0,89.49,12.0,0.4,-0.09,82.6,25.0,20,536566,8591,7213
MID-A2H,Bravo 12,AVU,12700,403129.4,411790.9,7908.5,90.27,12.0,0.89,0.785,81.6,33.3,,,,
MID-A2H,Bravo 12,AVU,12800,403150.9,411888.5,7907.6,90.51,12.0,0.51,0.235,79.8,35.7,21,413349,10761,6932
MID-A2H,Bravo 12,AVU,12900,403172.3,411986.2,7907.7,90.0,12.0,0.64,-0.509,77.5,21.7,,,,
MID-A2H,Bravo 12,AVU,13000,403191.8,412083.9,7908.4,89.57,12.0,0.6,-0.43,92.9,23.7,22,369334,10146,6238
MID-A2H,Bravo 12,AVU,13100,403214.0,412181.9,7908.5,89.95,12.0,0.71,0.378,97.0,39.4,,,,
MID-A2H,Bravo 12,AVU,13200,403234.3,412279.6,7909.2,89.62,12.0,0.36,-0.325,64.3,22.4,23,582148,10706,6364
MID-A2H,Bravo 12,AVU,13300,403255.2,412377.7,7908.7,90.25,12.0,0.8,0.634,91.0,29.0,,,,
MID-A2H,Bravo 12,AVU,13400,403275.5,412475.5,7907.8,90.5,12.0,0.34,0.247,81.6,29.4,24,541982,11133,6938
MID-A2H,Bravo 12,AVU,13500,403296.5,412573.3,7907.4,90.25,12.0,0.59,-0.248,62.4,20.3,,,,
MID-A2H,Bravo 12,AVU,13600,403318.4,412671.0,7907.1,90.17,12.0,0.35,-0.081,80.3,29.5,25,571788,10205,6306
MID-A2H,Bravo 12,AVU,13700,403340.4,412768.6,7906.5,90.35,12.0,0.43,0.178,68.6,31.4,,,,
MID-A2H,Bravo 12,AVU,13800,403361.2,412866.4,7905.7,90.45,12.0,0.3,0.099,84.4,34.5,26,444944,10550,6128
MID-A2H,Bravo 12,AVU,13900,403381.4,412964.5,7904.5,90.71,12.0,0.43,0.264,64.2,34.0,,,,
MID-A2H,Bravo 12,AVU,14000,403402.4,413062.0,7903.2,90.7,12.0,0.08,-0.011,67.4,38.2,27,468222,10782,6859
MID-A2H,Bravo 12,AVU,14100,403423.2,413160.0,7902.7,90.29,12.0,0.76,-0.417,85.1,39.5,,,,
MID-A2H,Bravo 12,AVU,14200,403444.7,413257.6,7902.6,90.09,12.0,0.55,-0.2,68.5,39.4,28,398406,11572,6804
MID-A2H,Bravo 12,AVU,14300,403466.9,413355.7,7902.0,90.31,12.0,0.37,0.221,62.1,31.3,,,,
MID-A2H,Bravo 12,AVU,14400,403488.8,413453.7,7901.1,90.53,12.0,0.49,0.224,83.9,22.0,29,497539,10067,6549
MID-A2H,Bravo 12,AVU,14500,403509.5,413551.7,7901.5,89.79,12.0,0.95,-0.738,92.7,20.7,,,,
MID-A2H,Bravo 12,AVU,14600,403530.0,413649.4,7902.0,89.71,12.0,0.37,-0.087,79.7,25.9,30,420989,10946,6294
MID-A2H,Bravo 12,AVU,14700,403550.6,413747.0,7901.4,90.32,12.0,0.7,0.611,85.3,28.6,,,,
MID-A2H,Bravo 12,AVU,14800,403572.3,413845.1,7900.5,90.56,12.0,0.51,0.241,79.3,32.6,31,595220,10283,7054
MID-A2H,Bravo 12,AVU,14900,403593.3,413942.8,7899.9,90.32,12.0,0.48,-0.238,84.6,34.8,,,,
MID-A2H,Bravo 12,AVU,15000,403614.6,414040.8,7899.0,90.5,12.0,0.49,0.177,71.6,31.9,32,428918,10080,6437
MID-A2H,Bravo 12,AVU,15100,403635.7,414138.8,7898.3,90.43,12.0,0.31,-0.064,78.0,19.3,,,,
MID-A2H,Bravo 12,AVU,15200,403657.6,414236.4,7898.6,89.81,12.0,0.94,-0.622,75.4,25.7,33,536989,8274,7005
MID-A2H,Bravo 12,AVU,15300,403677.1,414334.0,7897.9,90.41,12.0,0.74,0.6,94.5,19.1,,,,
MID-A2H,Bravo 12,AVU,15400,403697.9,414431.6,7897.6,90.16,12.0,0.5,-0.252,91.1,31.4,34,397379,9049,6993
MID-A2H,Bravo 12,AVU,15500,403719.8,414529.5,7897.2,90.25,12.0,0.36,0.095,81.3,32.0,,,,
MID-A2H,Bravo 12,AVU,15600,403739.7,414627.6,7897.1,90.04,12.0,0.36,-0.216,62.2,19.3,35,557583,9214,7224
MID-A2H,Bravo 12,AVU,15700,403761.0,414725.7,7897.1,90.02,12.0,0.12,-0.021,92.7,20.5,,,,
MID-A2H,Bravo 12,AVU,15800,403780.3,414823.7,7896.3,90.45,12.0,0.57,0.432,82.9,21.3,36,512966,9693,6430
MID-A2H,Bravo 12,AVU,15900,403800.8,414921.6,7895.5,90.44,12.0,0.01,-0.013,68.2,24.9,,,,
MID-A2H,Bravo 12,AVU,16000,403821.6,415019.2,7896.0,89.73,12.0,0.97,-0.71,95.8,37.5,37,390838,8420,6182
MID-A2H,Bravo 12,AVU,16100,403842.2,415117.1,7896.4,89.76,12.0,0.05,0.031,89.6,19.0,,,,
MID-A2H,Bravo 12,AVU,16200,403863.3,415215.1,7895.9,90.33,12.0,0.85,0.569,73.4,22.9,38,371752,10425,7439
MID-A2H,Bravo 12,AVU,16300,403884.8,415313.0,7896.5,89.64,12.0,0.93,-0.685,73.7,39.1,,,,
MID-A2H,Bravo 12,AVU,16400,403905.9,415410.8,7897.2,89.62,12.0,0.13,-0.019,73.4,18.4,39,580756,9674,6849
MID-A2H,Bravo 12,AVU,16500,403926.0,415508.5,7897.9,89.55,12.0,0.11,-0.073,94.1,27.4,,,,
MID-A2H,Bravo 12,AVU,16600,403945.8,415606.3,7898.5,89.67,12.0,0.37,0.119,85.3,28.5,40,345753,10611,7262
MID-A2H,Bravo 12,AVU,16700,403967.9,415704.0,7899.4,89.48,12.0,0.37,-0.183,95.8,36.4,,,,
MID-A2H,Bravo 12,AVU,16800,403989.8,415801.6,7900.5,89.36,12.0,0.46,-0.126,74.5,18.6,41,500280,8785,6637
MID-A2H,Bravo 12,AVU,16900,404011.1,415899.6,7900.9,89.78,12.0,0.6,0.424,99.9,20.4,,,,
MID-A2H,Bravo 12,AVU,17000,404032.5,415997.3,7901.6,89.63,12.0,0.23,-0.151,88.3,37.9,42,382189,10343,6764
MID-A3H,Bravo 12,SBL,100,402645.6,406637.2,100.0,0,12.0,0.57,-0.388,26.9,26.2,,,,
MID-A3H,Bravo 12,SBL,200,402645.6,406637.2,200.0,0,12.0,0.16,-0.086,40.4,31.2,,,,
MID-A3H,Bravo 12,SBL,300,402645.6,406637.5,300.0,0.16,12.0,0.33,0.164,31.4,38.2,,,,
MID-A3H,Bravo 12,SBL,400,402645.6,406637.5,400.0,0,12.0,0.51,-0.182,47.1,34.5,,,,
MID-A3H,Bravo 12,SBL,500,402645.8,406638.1,500.0,0.34,12.0,0.41,0.341,24.0,20.3,,,,
MID-A3H,Bravo 12,SBL,600,402645.8,406638.1,600.0,0,12.0,0.74,-0.579,35.2,29.2,,,,
MID-A3H,Bravo 12,SBL,700,402645.8,406638.1,700.0,0,12.0,0.59,-0.406,25.8,28.3,,,,
MID-A3H,Bravo 12,SBL,800,402645.8,406638.1,800.0,0,12.0,0.7,-0.496,43.9,27.2,,,,
MID-A3H,Bravo 12,SBL,900,402645.8,406638.1,900.0,0.03,12.0,0.33,0.033,36.9,37.2,,,,
MID-A3H,Bravo 12,SBL,1000,402645.8,406638.2,1000.0,0.01,12.0,0.16,-0.02,36.3,20.7,,,,
MID-A3H,Bravo 12,SBL,1100,402646.0,406639.0,1100.0,0.5,12.0,0.83,0.483,45.4,27.8,,,,
MID-A3H,Bravo 12,SBL,1200,402646.0,406639.0,1200.0,0,12.0,0.96,-0.71,50.0,18.9,,,,
MID-A3H,Bravo 12,SBL,1300,402646.0,406639.2,1300.0,0.11,12.0,0.18,0.113,32.3,34.7,,,,
MID-A3H,Bravo 12,SBL,1400,402646.1,406639.4,1400.0,0.14,12.0,0.25,0.03,48.6,39.9,,,,
MID-A3H,Bravo 12,SBL,1500,402646.3,406640.4,1500.0,0.53,12.0,0.57,0.391,46.1,33.3,,,,
MID-A3H,Bravo 12,SBL,1600,402646.5,406641.4,1600.0,0.63,12.0,0.19,0.092,26.8,22.0,,,,
MID-A3H,Bravo 12,SBL,1700,402646.8,406642.7,1700.0,0.77,12.0,0.15,0.144,46.6,19.6,,,,
MID-A3H,Bravo 12,SBL,1800,402646.9,406643.2,1800.0,0.27,12.0,0.6,-0.498,40.2,18.7,,,,
MID-A3H,Bravo 12,SBL,1900,402647.0,406644.0,1900.0,0.47,12.0,0.51,0.195,36.4,24.3,,,,
MID-A3H,Bravo 12,SBL,2000,402647.3,406645.1,2000.0,0.65,12.0,0.4,0.184,31.9,38.2,,,,
MID-A3H,Bravo 12,SBL,2100,402647.3,406645.1,2100.0,0,12.0,0.97,-0.723,35.6,36.7,,,,
MID-A3H,Bravo 12,SBL,2200,402647.3,406645.1,2200.0,0,12.0,0.57,-0.519,44.4,26.8,,,,
MID-A3H,Bravo 12,SBL,2300,402647.3,406645.1,2300.0,0,12.0,0.59,-0.322,30.7,20.0,,,,
MID-A3H,Bravo 12,SBL,2400,402647.3,406645.4,2400.0,0.17,12.0,0.23,0.17,49.5,28.4,,,,
MID-A3H,Bravo 12,SBL,2500,402647.3,406645.4,2500.0,0,12.0,0.63,-0.41,46.6,26.0,,,,
MID-A3H,Bravo 12,SBL,2600,402647.3,406645.4,2600.0,0,12.0,0.56,-0.312,27.7,31.7,,,,
MID-A3H,Bravo 12,SBL,2700,402647.3,406645.4,2700.0,0,12.0,0.48,-0.434,32.2,26.5,,,,
MID-A3H,Bravo 12,SBL,2800,402647.3,406645.4,2800.0,0,12.0,0.59,-0.347,43.9,24.4,,,,
MID-A3H,Bravo 12,SBL,2900,402647.3,406645.4,2900.0,0,12.0,0.29,-0.094,41.6,23.2,,,,
MID-A3H,Bravo 12,SBL,3000,402647.3,406645.4,3000.0,0,12.0,0.53,-0.422,42.7,22.7,,,,
MID-A3H,Bravo 12,SBL,3100,402647.3,406645.4,3100.0,0,12.0,0.33,-0.117,45.9,34.8,,,,
MID-A3H,Bravo 12,SBL,3200,402647.5,406646.2,3200.0,0.45,12.0,0.56,0.452,47.9,38.5,,,,
MID-A3H,Bravo 12,SBL,3300,402647.5,406646.2,3300.0,0.02,12.0,0.63,-0.428,45.1,32.7,,,,
MID-A3H,Bravo 12,SBL,3400,402647.6,406646.7,3400.0,0.27,12.0,0.43,0.242,42.8,29.7,,,,
MID-A3H,Bravo 12,SBL,3500,402647.7,406647.1,3500.0,0.27,12.0,0.05,0.007,40.4,37.4,,,,
MID-A3H,Bravo 12,SBL,3600,402647.9,406648.1,3600.0,0.58,12.0,0.5,0.309,29.0,27.9,,,,
MID-A3H,Bravo 12,SBL,3700,402648.1,406649.1,3699.9,0.57,12.0,0.22,-0.013,30.4,39.2,,,,
MID-A3H,Bravo 12,SBL,3800,402648.2,406649.6,3799.9,0.3,12.0,0.42,-0.271,28.7,27.2,,,,
MID-A3H,Bravo 12,SBL,3900,402648.3,406649.8,3899.9,0.12,12.0,0.18,-0.175,29.1,38.7,,,,
MID-A3H,Bravo 12,SBL,4000,402648.3,406649.8,3999.9,0,12.0,0.23,-0.199,39.5,33.4,,,,
MID-A3H,Bravo 12,SBL,4100,402648.3,406649.8,4099.9,0,12.0,0.38,-0.234,47.9,19.6,,,,
MID-A3H,Bravo 12,SBL,4200,402648.3,406650.1,4199.9,0.14,12.0,0.27,0.14,39.6,19.6,,,,
MID-A3H,Bravo 12,SBL,4300,402648.5,406651.0,4299.9,0.52,12.0,0.58,0.381,24.2,29.3,,,,
MID-A3H,Bravo 12,SBL,4400,402648.6,406651.5,4399.9,0.34,12.0,0.21,-0.185,33.0,34.6,,,,
MID-A3H,Bravo 12,SBL,4500,402648.6,406651.5,4499.9,0,12.0,0.91,-0.658,31.9,26.4,,,,
MID-A3H,Bravo 12,SBL,4600,402648.8,406652.4,4599.9,0.51,12.0,0.53,0.511,31.7,27.6,,,,
MID-A3H,Bravo 12,SBL,4700,402648.9,406652.6,4699.9,0.1,12.0,0.75,-0.409,29.5,31.5,,,,
MID-A3H,Bravo 12,SBL,4800,402648.9,406652.6,4799.9,0,12.0,0.73,-0.596,28.6,27.5,,,,
MID-A3H,Bravo 12,SBL,4900,402649.0,406653.0,4899.9,0.25,12.0,0.35,0.253,26.0,34.0,,,,
MID-A3H,Bravo 12,SBL,5000,402649.0,406653.1,4999.9,0.05,12.0,0.28,-0.199,27.6,31.5,,,,
MID-A3H,Bravo 12,SBL,5100,402649.1,406653.7,5099.9,0.36,12.0,0.31,0.306,41.1,27.2,,,,
MID-A3H,Bravo 12,SBL,5200,402649.1,406653.7,5199.9,0,12.0,0.76,-0.479,36.4,40.0,,,,
MID-A3H,Bravo 12,SBL,5300,402649.2,406654.2,5299.9,0.27,12.0,0.41,0.27,24.1,29.4,,,,
MID-A3H,Bravo 12,SBL,5400,402649.2,406654.2,5399.9,0,12.0,0.63,-0.384,48.1,20.6,,,,
MID-A3H,Bravo 12,SBL,5500,402649.3,406654.7,5499.9,0.29,12.0,0.43,0.291,38.6,32.5,,,,
MID-A3H,Bravo 12,SBL,5600,402649.5,406655.6,5599.9,0.52,12.0,0.51,0.233,31.9,21.2,,,,
MID-A3H,Bravo 12,SBL,5700,402649.5,406655.7,5699.9,0.05,12.0,0.62,-0.475,35.7,29.7,,,,
MID-A3H,Bravo 12,SBL,5800,402649.7,406656.5,5799.9,0.48,12.0,0.62,0.427,44.5,36.2,,,,
MID-A3H,Bravo 12,SBL,5900,402649.8,406656.8,5899.9,0.18,12.0,0.48,-0.297,24.3,32.3,,,,
MID-A3H,Bravo 12,SBL,6000,402649.8,406656.8,5999.9,0,12.0,0.53,-0.413,46.6,29.7,,,,
MID-A3H,Bravo 12,SBL,6100,402649.9,406657.2,6099.9,0.27,12.0,0.35,0.274,27.2,32.5,,,,
MID-A3H,Bravo 12,SBL,6200,402649.9,406657.2,6199.9,0,12.0,0.51,-0.502,30.7,23.4,,,,
MID-A3H,Bravo 12,SBL,6300,402649.9,406657.2,6299.9,0,12.0,0.24,-0.113,36.7,24.8,,,,
MID-A3H,Bravo 12,SBL,6400,402650.0,406658.1,6399.9,0.52,12.0,0.56,0.519,48.2,31.9,,,,
MID-A3H,Bravo 12,SBL,6500,402650.9,406662.0,6499.8,2.26,12.0,1.81,1.737,45.8,28.7,,,,
MID-A3H,Bravo 12,SBL,6600,402653.0,406672.3,6599.3,6.05,12.0,4.13,3.798,35.0,18.3,,,,
MID-A3H,Bravo 12,SBL,6700,402656.3,406689.0,6697.8,9.82,12.0,3.94,3.768,34.3,18.7,,,,
MID-A3H,Bravo 12,SBL,6800,402661.0,406711.0,6795.2,13.05,12.0,3.23,3.223,45.2,40.0,,,,
MID-A3H,Bravo 12,SBL,6900,402667.3,406740.6,6890.6,17.55,12.0,4.64,4.502,31.6,29.8,,,,
MID-A3H,Bravo 12,SBL,7000,402675.3,406776.7,6983.5,21.64,12.0,4.21,4.088,37.2,37.5,,,,
MID-A3H,Bravo 12,SBL,7100,402684.4,406818.7,7073.9,25.38,12.0,3.84,3.741,32.9,35.0,,,,
MID-A3H,Bravo 12,SBL,7200,402695.3,406867.5,7160.6,29.93,12.0,4.73,4.549,47.3,21.2,,,,
MID-A3H,Bravo 12,SBL,7300,402707.5,406922.1,7243.6,33.84,12.0,4.03,3.912,32.5,33.6,,,,
MID-A3H,Bravo 12,SBL,7400,402720.8,406981.6,7323.1,37.35,12.0,3.83,3.515,30.4,28.1,,,,
MID-A3H,Bravo 12,SBL,7500,402735.6,407047.0,7397.3,42.08,12.0,4.81,4.731,35.3,33.4,,,,
MID-A3H,Bravo 12,SBL,7600,402750.1,407117.0,7467.3,45.6,12.0,3.66,3.519,33.7,23.5,,,,
MID-A3H,Bravo 12,SBL,7700,402765.2,407192.3,7531.0,50.4,12.0,4.91,4.799,45.7,18.5,,,,
MID-A3H,Bravo 12,SBL,7800,402781.4,407272.3,7588.9,54.62,12.0,4.39,4.221,48.1,39.5,,,,
MID-A3H,Bravo 12,SBL,7900,402800.4,407355.8,7641.1,58.56,12.0,4.26,3.939,34.0,31.9,,,,
MID-A3H,Bravo 12,SBL,8000,402819.1,407442.4,7688.0,62.04,12.0,3.77,3.473,36.1,31.9,,,,
MID-A3H,Bravo 12,SBL,8100,402839.0,407532.2,7727.3,66.86,12.0,4.88,4.823,38.2,37.3,,,,
MID-A3H,Bravo 12,SBL,8200,402859.8,407624.8,7759.9,70.94,12.0,4.24,4.08,46.2,28.2,,,,
MID-A3H,Bravo 12,SBL,8300,402879.2,407719.4,7785.5,75.15,12.0,4.54,4.211,39.4,35.8,,,,
MID-A3H,Bravo 12,SBL,8400,402900.2,407815.3,7804.7,78.94,12.0,3.94,3.793,30.6,27.3,,,,
MID-A3H,Bravo 12,SBL,8500,402920.2,407912.3,7816.6,83.15,12.0,4.55,4.209,28.4,27.5,,,,
MID-A3H,Bravo 12,SBL,8600,402941.6,408010.0,7822.4,86.7,12.0,3.83,3.551,37.3,30.1,,,,
MID-A3H,Bravo 12,SBL,8700,402961.7,408108.0,7824.3,88.92,12.0,2.38,2.212,71.3,28.5,1,550026,9238,7079
MID-A3H,Bravo 12,SBL,8800,402982.1,408206.0,7825.4,89.34,12.0,0.63,0.422,87.6,19.4,,,,
MID-A3H,Bravo 12,SBL,8900,403003.8,408303.7,7826.6,89.36,12.0,0.11,0.026,97.9,18.7,2,512771,8718,7149
MID-A3H,Bravo 12,SBL,9000,403025.5,408401.6,7827.6,89.39,12.0,0.05,0.029,63.0,34.7,,,,
MID-A3H,Bravo 12,SBL,9100,403046.3,408499.1,7829.0,89.23,12.0,0.3,-0.164,70.3,34.8,3,474633,8878,6763
MID-A3H,Bravo 12,SBL,9200,403068.0,408597.2,7828.8,90.12,12.0,1.14,0.895,73.3,34.1,,,,
MID-A3H,Bravo 12,SBL,9300,403089.4,408694.8,7828.2,90.33,12.0,0.23,0.203,83.9,33.8,4,453980,9241,7389
MID-A3H,Bravo 12,SBL,9400,403109.6,408792.7,7828.6,89.74,12.0,0.66,-0.589,88.0,32.9,,,,
MID-A3H,Bravo 12,SBL,9500,403131.0,408890.8,7829.4,89.59,12.0,0.39,-0.147,86.9,38.2,5,402151,10543,7143
MID-A3H,Bravo 12,SBL,9600,403151.9,408988.4,7828.8,90.33,12.0,0.96,0.741,90.4,37.7,,,,
MID-A3H,Bravo 12,SBL,9700,403172.5,409086.4,7828.5,90.14,12.0,0.42,-0.188,97.0,26.8,6,534187,9193,6681
MID-A3H,Bravo 12,SBL,9800,403194.7,409183.9,7829.1,89.7,12.0,0.47,-0.443,72.7,36.0,,,,
MID-A3H,Bravo 12,SBL,9900,403214.2,409281.7,7828.9,90.08,12.0,0.4,0.377,89.0,36.8,7,509206,8761,6342
MID-A3H,Bravo 12,SBL,10000,403235.9,409379.6,7829.7,89.56,12.0,0.73,-0.518,65.9,35.5,,,,
MID-A3H,Bravo 12,SBL,10100,403255.8,409477.2,7830.7,89.4,12.0,0.5,-0.154,76.2,34.4,8,580082,11388,6489
MID-A3H,Bravo 12,SBL,10200,403277.3,409575.3,7830.6,90.06,12.0,0.72,0.659,77.7,28.9,,,,
MID-A3H,Bravo 12,SBL,10300,403297.7,409672.8,7830.8,89.88,12.0,0.53,-0.185,68.3,37.0,9,419433,8569,6218
MID-A3H,Bravo 12,SBL,10400,403318.1,409770.7,7831.2,89.8,12.0,0.36,-0.08,78.6,33.3,,,,
MID-A3H,Bravo 12,SBL,10500,403339.3,409868.4,7831.1,90.06,12.0,0.48,0.262,76.0,30.4,10,463769,8599,6180
MID-A3H,Bravo 12,SBL,10600,403360.7,409966.2,7830.4,90.37,12.0,0.63,0.31,95.9,36.0,,,,
MID-A3H,Bravo 12,SBL,10700,403381.3,410063.8,7830.4,90.02,12.0,0.46,-0.35,74.6,39.0,11,394592,11552,6769
MID-A3H,Bravo 12,SBL,10800,403401.2,410161.5,7829.9,90.29,12.0,0.58,0.268,96.0,22.2,,,,
MID-A3H,Bravo 12,SBL,10900,403420.9,410259.5,7830.5,89.63,12.0,0.82,-0.657,65.6,34.8,12,516093,9178,6647
MID-A3H,Bravo 12,SBL,11000,403441.2,410357.5,7831.7,89.32,12.0,0.47,-0.31,77.6,19.7,,,,
MID-A3H,Bravo 12,SBL,11100,403460.9,410455.3,7831.7,90.02,12.0,0.85,0.699,87.9,35.7,13,415431,9483,6827
MID-A3H,Bravo 12,SBL,11200,403480.5,410553.0,7832.0,89.8,12.0,0.26,-0.217,69.4,36.8,,,,
MID-A3H,Bravo 12,SBL,11300,403500.0,410650.7,7832.6,89.67,12.0,0.16,-0.137,66.7,32.9,14,551409,9702,6726
MID-A3H,Bravo 12,SBL,11400,403519.5,410748.8,7833.0,89.76,12.0,0.15,0.095,84.2,35.2,,,,
MID-A3H,Bravo 12,SBL,11500,403539.6,410846.5,7834.0,89.44,12.0,0.41,-0.321,70.2,29.0,15,500930,9418,7327
MID-A3H,Bravo 12,SBL,11600,403561.1,410944.5,7834.3,89.84,12.0,0.55,0.404,91.3,20.6,,,,
MID-A3H,Bravo 12,SBL,11700,403582.4,411042.3,7834.1,90.13,12.0,0.56,0.287,70.6,39.0,16,537593,9586,6230
MID-A3H,Bravo 12,SBL,11800,403603.5,411139.9,7833.6,90.28,12.0,0.34,0.147,79.2,20.5,,,,
MID-A3H,Bravo 12,SBL,11900,403623.8,411237.8,7833.6,90.01,12.0,0.58,-0.264,63.3,24.7,17,509757,8996,6551
MID-A3H,Bravo 12,SBL,12000,403644.6,411335.9,7832.9,90.38,12.0,0.54,0.364,64.1,21.6,,,,
MID-A3H,Bravo 12,SBL,12100,403664.9,411433.4,7831.9,90.58,12.0,0.55,0.206,98.9,29.4,18,525623,8565,6266
MID-A3H,Bravo 12,SBL,12200,403686.8,411531.4,7831.6,90.17,12.0,0.57,-0.415,74.4,29.8,,,,
MID-A3H,Bravo 12,SBL,12300,403708.4,411629.1,7832.4,89.57,12.0,0.64,-0.602,68.6,27.5,19,349332,8741,6653
MID-A3H,Bravo 12,SBL,12400,403730.6,411727.0,7831.8,90.33,12.0,0.86,0.76,91.4,23.0,,,,
MID-A3H,Bravo 12,SBL,12500,403750.4,411825.0,7830.8,90.54,12.0,0.23,0.214,69.0,37.9,20,553215,9880,6599
MID-A3H,Bravo 12,SBL,12600,403770.6,411922.5,7830.6,90.15,12.0,0.45,-0.389,85.0,25.8,,,,
MID-A3H,Bravo 12,SBL,12700,403791.2,412020.2,7831.1,89.72,12.0,0.54,-0.437,74.9,32.3,21,410879,9895,6142
MID-A3H,Bravo 12,SBL,12800,403811.9,412118.2,7831.7,89.65,12.0,0.21,-0.069,85.0,19.6,,,,
MID-A3H,Bravo 12,SBL,12900,403831.8,412215.8,7831.2,90.27,12.0,0.86,0.626,73.9,34.1,22,436655,11575,6899
MID-A3H,Bravo 12,SBL,13000,403851.5,412313.8,7831.9,89.63,12.0,0.85,-0.645,87.3,18.7,,,,
MID-A3H,Bravo 12,SBL,13100,403872.9,412411.7,7831.5,90.23,12.0,0.67,0.6,64.2,34.8,23,593566,10992,7072
MID-A3H,Bravo 12,SBL,13200,403893.2,412509.8,7831.7,89.88,12.0,0.54,-0.349,77.8,32.6,,,,
MID-A3H,Bravo 12,SBL,13300,403915.1,412607.5,7831.6,90.07,12.0,0.29,0.188,98.4,26.8,24,579536,10516,6727
MID-A3H,Bravo 12,SBL,13400,403935.6,412705.3,7831.0,90.32,12.0,0.43,0.25,92.3,18.9,,,,
MID-A3H,Bravo 12,SBL,13500,403955.3,412803.0,7830.4,90.37,12.0,0.27,0.05,96.0,23.2,25,587893,9922,6193
MID-A3H,Bravo 12,SBL,13600,403974.9,412900.8,7830.2,90.09,12.0,0.5,-0.278,65.0,34.7,,,,
MID-A3H,Bravo 12,SBL,13700,403997.1,412998.4,7829.6,90.37,12.0,0.43,0.281,77.7,32.4,26,367025,9961,7433
MID-A3H,Bravo 12,SBL,13800,404018.7,413096.1,7828.9,90.36,12.0,0.31,-0.01,99.5,31.9,,,,
MID-A3H,Bravo 12,SBL,13900,404039.5,413194.2,7828.5,90.27,12.0,0.28,-0.09,78.6,27.4,27,342936,9812,7301
MID-A3H,Bravo 12,SBL,14000,404061.4,413292.0,7827.9,90.32,12.0,0.12,0.046,96.6,36.4,,,,
MID-A3H,Bravo 12,SBL,14100,404080.8,413390.1,7827.2,90.4,12.0,0.25,0.088,67.9,22.4,28,360361,8508,7058
MID-A3H,Bravo 12,SBL,14200,404100.8,413488.2,7826.7,90.28,12.0,0.37,-0.129,75.4,25.4,,,,
MID-A3H,Bravo 12,SBL,14300,404121.6,413586.0,7825.6,90.63,12.0,0.57,0.353,85.1,29.1,29,449913,9092,7132
MID-A3H,Bravo 12,SBL,14400,404142.0,413683.7,7825.2,90.25,12.0,0.66,-0.384,69.1,26.6,,,,
MID-A3H,Bravo 12,SBL,14500,404164.1,413781.2,7824.5,90.41,12.0,0.42,0.164,74.5,37.5,30,468623,10512,6870
MID-A3H,Bravo 12,SBL,14600,404183.9,413879.3,7823.4,90.61,12.0,0.22,0.199,76.3,37.2,,,,
MID-A3H,Bravo 12,SBL,14700,404203.7,413976.9,7823.6,89.92,12.0,1.01,-0.69,62.1,39.2,31,472515,10772,6504
MID-A3H,Bravo 12,SBL,14800,404225.7,414074.7,7824.2,89.63,12.0,0.61,-0.291,66.3,31.4,,,,
MID-A3H,Bravo 12,SBL,14900,404246.2,414172.7,7825.4,89.34,12.0,0.54,-0.288,84.6,28.2,32,448340,9718,6585
MID-A3H,Bravo 12,SBL,15000,404266.3,414270.5,7825.1,90.13,12.0,1.12,0.791,62.8,29.5,,,,
MID-A3H,Bravo 12,SBL,15100,404287.9,414368.3,7824.4,90.44,12.0,0.37,0.307,70.2,24.8,33,586761,10982,6840
MID-A3H,Bravo 12,SBL,15200,404308.9,414465.9,7823.7,90.39,12.0,0.17,-0.045,66.2,22.2,,,,
MID-A3H,Bravo 12,SBL,15300,404329.6,414563.5,7823.2,90.26,12.0,0.44,-0.134,62.5,38.1,34,397674,10529,6116
MID-A3H,Bravo 12,SBL,15400,404351.7,414661.6,7822.5,90.43,12.0,0.4,0.17,99.9,35.9,,,,
MID-A3H,Bravo 12,SBL,15500,404373.3,414759.5,7822.1,90.25,12.0,0.37,-0.182,65.5,33.8,35,428421,9834,6443
MID-A3H,Bravo 12,SBL,15600,404395.0,414857.4,7821.1,90.55,12.0,0.38,0.307,84.5,34.4,,,,
MID-A3H,Bravo 12,SBL,15700,404414.5,414955.5,7820.6,90.28,12.0,0.3,-0.27,82.2,37.9,36,504871,8668,7338
MID-A3H,Bravo 12,SBL,15800,404433.8,415053.6,7820.1,90.27,12.0,0.31,-0.014,81.3,25.8,,,,
MID-A3H,Bravo 12,SBL,15900,404454.2,415151.3,7820.1,90.02,12.0,0.47,-0.253,84.6,23.6,37,379188,9450,6801
MID-A3H,Bravo 12,SBL,16000,404475.7,415249.1,7821.0,89.49,12.0,0.55,-0.523,87.2,25.5,,,,
MID-A3H,Bravo 12,SBL,16100,404495.6,415346.8,7820.9,90.04,12.0,0.61,0.542,88.5,34.0,38,505735,10576,7034
MID-A3H,Bravo 12,SBL,16200,404515.5,415444.5,7821.1,89.88,12.0,0.35,-0.157,86.5,28.7,,,,
MID-A3H,Bravo 12,SBL,16300,404535.9,415542.6,7821.6,89.7,12.0,0.33,-0.178,85.3,20.9,39,356235,10088,7323
MID-A3H,Bravo 12,SBL,16400,404555.3,415640.4,7821.6,90.0,12.0,0.41,0.302,82.4,27.9,,,,
MID-A3H,Bravo 12,SBL,16500,404575.2,415738.1,7821.0,90.35,12.0,0.6,0.343,70.5,23.2,40,594726,11446,6334
MID-A3H,Bravo 12,SBL,16600,404597.1,415836.0,7821.4,89.79,12.0,0.58,-0.56,95.7,37.5,,,,
MID-A3H,Bravo 12,SBL,16700,404618.0,415933.8,7821.5,89.92,12.0,0.14,0.137,81.3,39.0,41,437179,11406,6865
MID-A3H,Bravo 12,SBL,16800,404638.3,416031.7,7822.5,89.43,12.0,0.75,-0.495,84.7,36.0,,,,
MID-A3H,Bravo 12,SBL,16900,404658.5,416129.7,7823.7,89.32,12.0,0.39,-0.107,66.4,35.3,42,418811,9853,7053
MID-A3H,Bravo 12,SBL,17000,404678.4,416227.5,7824.9,89.32,12.0,0.07,-0.003,69.2,29.2,,,,
MID-A3H,Bravo 12,SBL,17100,404697.8,416325.2,7825.9,89.45,12.0,0.33,0.132,90.9,26.5,43,400799,9091,7318
MID-A3H,Bravo 12,SBL,17200,404717.5,416423.0,7827.2,89.23,12.0,0.36,-0.225,97.8,25.2,,,,
MID-A3H,Bravo 12,SBL,17300,404738.4,416520.9,7828.2,89.44,12.0,0.25,0.211,73.4,38.4,44,591371,9166,6202
MID-A3H,Bravo 12,SBL,17400,404758.3,416618.6,7828.9,89.58,12.0,0.42,0.143,73.1,22.2,,,,
MID-A3H,Bravo 12,SBL,17500,404778.7,416716.7,7829.2,89.84,12.0,0.44,0.26,98.0,23.3,45,419936,10158,7045
MID-A3H,Bravo 12,SBL,17600,404799.3,416814.2,7830.1,89.48,12.0,0.54,-0.362,66.4,26.9,,,,
MID-A3H,Bravo 12,SBL,17700,404820.0,416912.3,7830.2,89.96,12.0,0.66,0.481,66.7,37.5,46,340652,9086,7351
MID-A3H,Bravo 12,SBL,17800,404841.1,417010.1,7829.8,90.22,12.0,0.55,0.258,91.9,25.8,,,,
MID-A3H,Bravo 12,SBL,17900,404860.8,417107.8,7830.3,89.71,12.0,0.62,-0.504,96.1,38.8,47,531210,8829,6171
MID-A3H,Bravo 12,SBL,18000,404881.4,417205.4,7829.9,90.22,12.0,0.81,0.508,78.0,33.5,,,,
MID-A3H,Bravo 12,SBL,18100,404903.2,417303.0,7830.1,89.93,12.0,0.34,-0.289,71.7,22.7,48,547100,9397,7084
MID-A3H,Bravo 12,SBL,18200,404924.8,417400.9,7830.8,89.58,12.0,0.48,-0.356,78.5,21.7,,,,
MID-A3H,Bravo 12,SBL,18300,404945.8,417498.9,7831.3,89.69,12.0,0.28,0.118,99.4,21.0,49,476300,9487,6966
MID-B1H,Delta 7,WCA,100,404140.4,409223.7,100.0,0.4,358.0,0.45,0.405,43.4,19.9,,,,
MID-B1H,Delta 7,WCA,200,404140.3,409225.0,200.0,0.71,358.0,0.34,0.306,28.8,18.6,,,,
MID-B1H,Delta 7,WCA,300,404140.3,409225.9,300.0,0.54,358.0,0.25,-0.171,46.6,20.4,,,,
MID-B1H,Delta 7,WCA,400,404140.3,409226.9,400.0,0.54,358.0,0.07,0.004,28.1,36.0,,,,
MID-B1H,Delta 7,WCA,500,404140.2,409228.0,500.0,0.62,358.0,0.11,0.08,44.6,26.1,,,,
MID-B1H,Delta 7,WCA,600,404140.2,409228.2,600.0,0.14,358.0,0.73,-0.485,40.1,30.8,,,,
MID-B1H,Delta 7,WCA,700,404140.2,409228.6,700.0,0.21,358.0,0.38,0.074,32.9,32.9,,,,
MID-B1H,Delta 7,WCA,800,404140.2,409228.8,800.0,0.12,358.0,0.37,-0.089,42.8,31.4,,,,
MID-B1H,Delta 7,WCA,900,404140.2,409228.8,900.0,0,358.0,0.51,-0.442,37.0,25.1,,,,
MID-B1H,Delta 7,WCA,1000,404140.2,409229.4,1000.0,0.34,358.0,0.48,0.343,28.1,24.1,,,,
MID-B1H,Delta 7,WCA,1100,404140.2,409229.4,1100.0,0,358.0,0.8,-0.492,30.8,38.2,,,,
MID-B1H,Delta 7,WCA,1200,404140.2,409229.4,1200.0,0,358.0,0.29,-0.273,25.4,34.0,,,,
MID-B1H,Delta 7,WCA,1300,404140.2,409229.4,1300.0,0,358.0,0.66,-0.472,45.1,38.2,,,,
MID-B1H,Delta 7,WCA,1400,404140.2,409229.4,1400.0,0,358.0,0.29,-0.262,25.5,23.2,,,,
MID-B1H,Delta 7,WCA,1500,404140.2,409229.4,1500.0,0,358.0,0.57,-0.319,24.7,34.7,,,,
MID-B1H,Delta 7,WCA,1600,404140.2,409229.7,1600.0,0.2,358.0,0.27,0.197,38.4,19.4,,,,
MID-B1H,Delta 7,WCA,1700,404140.2,409229.7,1700.0,0,358.0,0.69,-0.551,41.1,22.8,,,,
MID-B1H,Delta 7,WCA,1800,404140.1,409230.6,1800.0,0.53,358.0,0.77,0.528,34.3,37.6,,,,
MID-B1H,Delta 7,WCA,1900,404140.1,409232.0,1900.0,0.75,358.0,0.39,0.222,39.9,18.5,,,,
MID-B1H,Delta 7,WCA,2000,404140.1,409233.0,2000.0,0.57,358.0,0.48,-0.179,43.6,21.2,,,,
MID-B1H,Delta 7,WCA,2100,404140.0,409234.1,2099.9,0.64,358.0,0.36,0.071,29.2,29.0,,,,
MID-B1H,Delta 7,WCA,2200,404140.0,409235.2,2199.9,0.63,358.0,0.32,-0.013,43.5,36.0,,,,
MID-B1H,Delta 7,WCA,2300,404139.9,409236.4,2299.9,0.7,358.0,0.11,0.071,39.3,34.1,,,,
MID-B1H,Delta 7,WCA,2400,404139.9,409236.6,2399.9,0.14,358.0,0.87,-0.557,41.5,18.4,,,,
MID-B1H,Delta 7,WCA,2500,404139.9,409236.6,2499.9,0,358.0,0.65,-0.458,31.8,24.7,,,,
MID-B1H,Delta 7,WCA,2600,404139.9,409237.0,2599.9,0.22,358.0,0.43,0.217,49.0,18.3,,,,
MID-B1H,Delta 7,WCA,2700,404139.9,409237.6,2699.9,0.32,358.0,0.14,0.104,28.5,31.2,,,,
MID-B1H,Delta 7,WCA,2800,404139.9,409237.6,2799.9,0,358.0,0.82,-0.548,39.9,37.1,,,,
MID-B1H,Delta 7,WCA,2900,404139.9,409238.4,2899.9,0.46,358.0,0.54,0.457,38.9,24.7,,,,
MID-B1H,Delta 7,WCA,3000,404139.9,409238.9,2999.9,0.3,358.0,0.5,-0.153,49.0,19.6,,,,
MID-B1H,Delta 7,WCA,3100,404139.9,409239.5,3099.9,0.32,358.0,0.18,0.014,44.0,19.3,,,,
MID-B1H,Delta 7,WCA,3200,404139.9,409239.5,3199.9,0,358.0,0.62,-0.37,42.0,21.6,,,,
MID-B1H,Delta 7,WCA,3300,404139.8,409240.2,3299.9,0.42,358.0,0.56,0.416,40.9,21.3,,,,
MID-B1H,Delta 7,WCA,3400,404139.8,409240.2,3399.9,0,358.0,0.57,-0.518,28.9,35.3,,,,
MID-B1H,Delta 7,WCA,3500,404139.8,409241.0,3499.9,0.45,358.0,0.6,0.45,44.6,32.7,,,,
MID-B1H,Delta 7,WCA,3600,404139.8,409241.0,3599.9,0,358.0,0.78,-0.774,38.9,30.2,,,,
MID-B1H,Delta 7,WCA,3700,404139.8,409241.0,3699.9,0,358.0,0.65,-0.481,47.5,31.9,,,,
MID-B1H,Delta 7,WCA,3800,404139.8,409241.4,3799.9,0.27,358.0,0.35,0.273,31.2,38.5,,,,
MID-B1H,Delta 7,WCA,3900,404139.8,409241.8,3899.9,0.18,358.0,0.14,-0.096,42.7,25.0,,,,
MID-B1H,Delta 7,WCA,4000,404139.8,409241.8,3999.9,0,358.0,0.69,-0.448,30.1,22.3,,,,
MID-B1H,Delta 7,WCA,4100,404139.7,409242.6,4099.9,0.49,358.0,0.71,0.488,36.3,22.7,,,,
MID-B1H,Delta 7,WCA,4200,404139.7,409243.0,4199.9,0.22,358.0,0.48,-0.265,34.4,31.5,,,,
MID-B1H,Delta 7,WCA,4300,404139.7,409243.2,4299.9,0.09,358.0,0.48,-0.13,40.9,23.6,,,,
MID-B1H,Delta 7,WCA,4400,404139.7,409243.2,4399.9,0,358.0,0.39,-0.286,49.6,32.4,,,,
MID-B1H,Delta 7,WCA,4500,404139.7,409243.5,4499.9,0.21,358.0,0.44,0.212,27.7,25.4,,,,
MID-B1H,Delta 7,WCA,4600,404139.7,409243.5,4599.9,0,358.0,0.66,-0.651,40.4,24.7,,,,
MID-B1H,Delta 7,WCA,4700,404139.7,409243.5,4699.9,0,358.0,0.44,-0.421,33.3,37.5,,,,
MID-B1H,Delta 7,WCA,4800,404139.7,409243.7,4799.9,0.07,358.0,0.27,0.074,31.6,35.6,,,,
MID-B1H,Delta 7,WCA,4900,404139.7,409243.7,4899.9,0,358.0,0.42,-0.101,30.3,25.6,,,,
MID-B1H,Delta 7,WCA,5000,404139.7,409244.3,4999.9,0.39,358.0,0.43,0.388,26.7,24.7,,,,
MID-B1H,Delta 7,WCA,5100,404139.6,409245.4,5099.9,0.62,358.0,0.43,0.233,33.0,24.8,,,,
MID-B1H,Delta 7,WCA,5200,404139.6,409245.6,5199.9,0.1,358.0,0.75,-0.519,45.7,32.8,,,,
MID-B1H,Delta 7,WCA,5300,404139.6,409246.0,5299.9,0.24,358.0,0.31,0.142,42.8,32.2,,,,
MID-B1H,Delta 7,WCA,5400,404139.6,409247.1,5399.9,0.61,358.0,0.55,0.363,26.6,20.7,,,,
MID-B1H,Delta 7,WCA,5500,404139.6,409247.1,5499.9,0,358.0,0.8,-0.786,45.5,23.5,,,,
MID-B1H,Delta 7,WCA,5600,404139.6,409247.4,5599.9,0.16,358.0,0.26,0.165,48.1,39.9,,,,
MID-B1H,Delta 7,WCA,5700,404139.5,409248.3,5699.9,0.53,358.0,0.46,0.367,36.2,24.6,,,,
MID-B1H,Delta 7,WCA,5800,404139.5,409249.1,5799.9,0.47,358.0,0.37,-0.065,24.8,36.8,,,,
MID-B1H,Delta 7,WCA,5900,404139.5,409250.4,5899.9,0.75,358.0,0.43,0.282,25.7,21.7,,,,
MID-B1H,Delta 7,WCA,6000,404139.4,409250.8,5999.9,0.24,358.0,0.66,-0.512,44.0,18.2,,,,
MID-B1H,Delta 7,WCA,6100,404139.4,409250.8,6099.9,0,358.0,0.52,-0.253,25.0,25.7,,,,
MID-B1H,Delta 7,WCA,6200,404139.4,409250.8,6199.9,0,358.0,0.15,-0.047,46.0,29.2,,,,
MID-B1H,Delta 7,WCA,6300,404139.4,409251.4,6299.9,0.34,358.0,0.34,0.341,44.0,33.6,,,,
MID-B1H,Delta 7,WCA,6400,404139.4,409251.4,6399.9,0,358.0,0.71,-0.463,41.4,23.9,,,,
MID-B1H,Delta 7,WCA,6500,404139.3,409254.6,6499.8,1.83,358.0,1.99,1.83,36.4,31.7,,,,
MID-B1H,Delta 7,WCA,6600,404139.0,409262.3,6599.5,4.41,358.0,2.58,2.579,48.9,29.7,,,,
MID-B1H,Delta 7,WCA,6700,404138.5,409276.5,6698.5,8.16,358.0,3.98,3.752,36.2,18.7,,,,
MID-B1H,Delta 7,WCA,6800,404138.0,409296.0,6796.6,11.28,358.0,3.44,3.123,47.9,39.2,,,,
MID-B1H,Delta 7,WCA,6900,404137.5,409322.0,6893.1,15.07,358.0,3.82,3.789,46.5,20.6,,,,
MID-B1H,Delta 7,WCA,7000,404136.3,409355.3,6987.5,19.42,358.0,4.69,4.349,30.9,30.8,,,,
MID-B1H,Delta 7,WCA,7100,404134.3,409395.6,7079.0,23.79,358.0,4.62,4.373,43.7,30.4,,,,
MID-B1H,Delta 7,WCA,7200,404133.0,409441.8,7167.6,27.53,358.0,4.07,3.737,35.7,30.1,,,,
MID-B1H,Delta 7,WCA,7300,404130.5,409494.6,7252.6,31.87,358.0,4.36,4.336,48.4,18.5,,,,
MID-B1H,Delta 7,WCA,7400,404129.1,409553.5,7333.3,36.15,358.0,4.51,4.283,44.0,20.0,,,,
MID-B1H,Delta 7,WCA,7500,404126.5,409618.2,7409.5,40.35,358.0,4.31,4.196,29.9,34.2,,,,
MID-B1H,Delta 7,WCA,7600,404124.7,409688.4,7480.8,44.57,358.0,4.49,4.224,47.1,32.9,,,,
MID-B1H,Delta 7,WCA,7700,404122.4,409763.0,7547.3,48.26,358.0,3.96,3.69,29.7,36.6,,,,
MID-B1H,Delta 7,WCA,7800,404119.2,409841.7,7608.9,51.98,358.0,3.81,3.721,48.2,26.5,,,,
MID-B1H,Delta 7,WCA,7900,404115.4,409925.1,7664.0,56.58,358.0,4.88,4.599,48.6,31.0,,,,
MID-B1H,Delta 7,WCA,8000,404113.0,410012.5,7712.6,60.95,358.0,4.54,4.372,35.1,37.2,,,,
MID-B1H,Delta 7,WCA,8100,404108.5,410103.3,7754.4,65.29,358.0,4.57,4.334,29.9,38.5,,,,
MID-B1H,Delta 7,WCA,8200,404106.6,410196.2,7791.0,68.5,358.0,3.48,3.211,25.3,19.6,,,,
MID-B1H,Delta 7,WCA,8300,404103.7,410291.6,7821.0,72.58,358.0,4.2,4.083,29.1,19.3,,,,
MID-B1H,Delta 7,WCA,8400,404099.5,410388.8,7844.2,76.56,358.0,4.02,3.979,33.2,32.4,,,,
MID-B1H,Delta 7,WCA,8500,404094.6,410487.5,7859.9,81.0,358.0,4.59,4.445,34.1,36.3,,,,
MID-B1H,Delta 7,WCA,8600,404092.4,410587.2,7867.9,85.38,358.0,4.7,4.374,49.9,36.0,,,,
MID-B1H,Delta 7,WCA,8700,404089.3,410687.1,7870.7,88.4,358.0,3.25,3.024,63.0,21.5,1,420840,11369,6819
MID-B1H,Delta 7,WCA,8800,404085.4,410787.0,7872.9,88.73,358.0,0.56,0.334,68.6,38.3,,,,
MID-B1H,Delta 7,WCA,8900,404082.0,410886.9,7873.8,89.5,358.0,1.09,0.767,89.5,26.0,2,384999,8817,7414
MID-B1H,Delta 7,WCA,9000,404080.0,410986.8,7873.8,90.02,358.0,0.74,0.514,97.1,33.6,,,,
MID-B1H,Delta 7,WCA,9100,404075.8,411086.8,7874.2,89.77,358.0,0.55,-0.25,74.7,28.0,3,485775,9373,6619
MID-B1H,Delta 7,WCA,9200,404072.9,411186.7,7874.7,89.71,358.0,0.34,-0.055,79.0,24.9,,,,
MID-B1H,Delta 7,WCA,9300,404069.7,411286.7,7875.7,89.4,358.0,0.46,-0.307,70.0,23.6,4,350623,8723,6761
MID-B1H,Delta 7,WCA,9400,404066.7,411386.6,7876.3,89.67,358.0,0.36,0.263,80.5,35.5,,,,
MID-B1H,Delta 7,WCA,9500,404062.4,411486.5,7876.4,89.94,358.0,0.53,0.27,92.5,27.4,5,420828,10719,6429
MID-B1H,Delta 7,WCA,9600,404060.1,411586.4,7877.2,89.51,358.0,0.55,-0.426,79.4,34.8,,,,
MID-B1H,Delta 7,WCA,9700,404057.8,411686.4,7877.2,90.01,358.0,0.57,0.502,74.8,23.2,6,482767,8519,6490
MID-B1H,Delta 7,WCA,9800,404052.9,411786.3,7877.1,90.06,358.0,0.3,0.05,75.8,33.9,,,,
MID-B1H,Delta 7,WCA,9900,404050.8,411886.3,7877.7,89.69,358.0,0.55,-0.374,71.5,20.2,7,514959,8723,6734
MID-B1H,Delta 7,WCA,10000,404047.6,411986.2,7878.9,89.31,358.0,0.42,-0.379,93.0,37.7,,,,
MID-B1H,Delta 7,WCA,10100,404043.3,412086.1,7879.8,89.47,358.0,0.2,0.161,89.6,18.6,8,465898,9414,6468
MID-B1H,Delta 7,WCA,10200,404039.1,412185.9,7880.9,89.36,358.0,0.38,-0.111,62.6,30.9,,,,
MID-B1H,Delta 7,WCA,10300,404034.1,412285.9,7880.7,90.09,358.0,0.86,0.728,79.6,21.7,9,595594,10371,7272
MID-B1H,Delta 7,WCA,10400,404029.6,412385.8,7881.5,89.54,358.0,0.62,-0.549,85.9,30.4,,,,
MID-B1H,Delta 7,WCA,10500,404025.0,412485.7,7882.4,89.48,358.0,0.39,-0.057,67.8,32.9,10,531947,10661,7128
MID-B1H,Delta 7,WCA,10600,404021.3,412585.6,7883.7,89.26,358.0,0.38,-0.225,91.3,26.4,,,,
MID-B1H,Delta 7,WCA,10700,404017.9,412685.6,7884.8,89.42,358.0,0.17,0.162,83.9,32.2,11,514275,10199,7246
MID-B1H,Delta 7,WCA,10800,404015.8,412785.5,7884.6,90.09,358.0,0.73,0.672,76.0,35.2,,,,
MID-B1H,Delta 7,WCA,10900,404013.1,412885.4,7884.9,89.8,358.0,0.44,-0.289,93.0,32.0,12,379783,8259,6821
MID-B1H,Delta 7,WCA,11000,404010.6,412985.4,7885.3,89.78,358.0,0.33,-0.02,93.5,34.9,,,,
MID-B1H,Delta 7,WCA,11100,404007.8,413085.3,7886.1,89.55,358.0,0.47,-0.236,69.5,24.2,13,599236,11052,6267
MID-B1H,Delta 7,WCA,11200,404003.6,413185.2,7887.1,89.42,358.0,0.45,-0.128,99.9,38.7,,,,
MID-B1H,Delta 7,WCA,11300,403999.1,413285.1,7888.4,89.28,358.0,0.43,-0.138,62.4,36.5,14,426667,9586,7305
MID-B1H,Delta 7,WCA,11400,403996.2,413385.1,7889.5,89.38,358.0,0.36,0.099,73.0,34.1,,,,
MID-B1H,Delta 7,WCA,11500,403993.3,413485.1,7890.3,89.51,358.0,0.36,0.136,93.3,20.8,15,433679,9506,7085
MID-B1H,Delta 7,WCA,11600,403989.0,413585.0,7890.2,90.08,358.0,0.79,0.57,85.0,30.6,,,,
MID-B1H,Delta 7,WCA,11700,403986.6,413685.0,7890.5,89.79,358.0,0.35,-0.291,85.4,29.2,16,593749,8541,6725
MID-B1H,Delta 7,WCA,11800,403982.0,413784.9,7891.5,89.47,358.0,0.66,-0.324,78.8,36.3,,,,
MID-B1H,Delta 7,WCA,11900,403977.9,413884.8,7892.1,89.66,358.0,0.22,0.189,68.4,35.3,17,555344,11244,7059
MID-B1H,Delta 7,WCA,12000,403973.5,413984.7,7893.0,89.48,358.0,0.24,-0.182,94.4,36.2,,,,
MID-B1H,Delta 7,WCA,12100,403970.4,414084.7,7893.2,89.87,358.0,0.53,0.389,93.2,34.0,18,387628,8261,7128
MID-B1H,Delta 7,WCA,12200,403966.4,414184.6,7893.4,89.89,358.0,0.18,0.024,76.5,36.4,,,,
MID-B1H,Delta 7,WCA,12300,403963.1,414284.5,7894.4,89.43,358.0,0.77,-0.457,62.6,26.1,19,463102,10818,7258
MID-B1H,Delta 7,WCA,12400,403960.0,414384.4,7895.7,89.25,358.0,0.46,-0.186,67.6,32.1,,,,
MID-B1H,Delta 7,WCA,12500,403956.4,414484.3,7896.2,89.71,358.0,0.5,0.464,91.0,39.4,20,440475,10516,6710
MID-B1H,Delta 7,WCA,12600,403953.7,414584.3,7896.1,90.08,358.0,0.65,0.37,86.3,33.0,,,,
MID-B1H,Delta 7,WCA,12700,403950.7,414684.2,7896.5,89.76,358.0,0.43,-0.318,93.3,37.2,21,394539,10034,6116
MID-B1H,Delta 7,WCA,12800,403948.6,414784.2,7896.1,90.23,358.0,0.69,0.472,96.6,20.1,,,,
MID-B1H,Delta 7,WCA,12900,403945.9,414884.1,7896.1,89.96,358.0,0.34,-0.272,78.3,19.1,22,484048,9958,6561
MID-B1H,Delta 7,WCA,13000,403941.3,414984.1,7895.7,90.25,358.0,0.41,0.287,95.3,25.9,,,,
MID-B1H,Delta 7,WCA,13100,403938.9,415084.0,7896.3,89.67,358.0,0.8,-0.583,98.2,30.5,23,342171,9447,6380
MID-B1H,Delta 7,WCA,13200,403936.8,415184.0,7896.3,90.0,358.0,0.65,0.335,81.9,39.8,,,,
MID-B1H,Delta 7,WCA,13300,403933.4,415283.9,7896.4,89.95,358.0,0.33,-0.048,70.4,26.3,24,552659,8971,7064
MID-B1H,Delta 7,WCA,13400,403929.9,415383.9,7895.6,90.45,358.0,0.61,0.497,90.5,20.6,,,,
MID-B1H,Delta 7,WCA,13500,403926.9,415483.8,7894.3,90.7,358.0,0.39,0.252,89.3,33.8,25,492646,9952,6262
MID-B1H,Delta 7,WCA,13600,403923.1,415583.8,7894.5,89.91,358.0,0.98,-0.794,78.3,27.7,,,,
MID-B1H,Delta 7,WCA,13700,403919.3,415683.7,7894.5,90.03,358.0,0.13,0.118,73.3,37.5,26,357863,9247,6919
MID-B1H,Delta 7,WCA,13800,403915.8,415783.7,7895.1,89.61,358.0,0.61,-0.416,96.3,25.6,,,,
MID-B1H,Delta 7,WCA,13900,403912.8,415883.6,7895.8,89.63,358.0,0.23,0.018,67.0,19.1,27,520266,10693,6549
MID-B1H,Delta 7,WCA,14000,403910.6,415983.6,7895.7,90.07,358.0,0.48,0.437,64.0,39.6,,,,
MID-B1H,Delta 7,WCA,14100,403906.2,416083.5,7894.8,90.48,358.0,0.68,0.415,71.0,30.1,28,374248,10901,6887
MID-B1H,Delta 7,WCA,14200,403903.3,416183.4,7893.9,90.55,358.0,0.18,0.067,94.3,24.4,,,,
MID-B1H,Delta 7,WCA,14300,403898.9,416283.4,7893.7,90.12,358.0,0.67,-0.428,69.2,34.5,29,391856,11705,6654
MID-B1H,Delta 7,WCA,14400,403895.1,416383.3,7893.1,90.32,358.0,0.27,0.195,85.5,31.0,,,,
MID-B1H,Delta 7,WCA,14500,403891.2,416483.2,7892.9,90.1,358.0,0.24,-0.212,96.6,35.1,30,524500,10085,6813
MID-B1H,Delta 7,WCA,14600,403886.6,416583.1,7892.3,90.35,358.0,0.26,0.242,84.8,19.7,,,,
MID-B1H,Delta 7,WCA,14700,403883.7,416683.0,7892.5,89.91,358.0,0.75,-0.434,71.4,38.8,31,403845,10888,6745
MID-B1H,Delta 7,WCA,14800,403881.7,416783.0,7892.7,89.88,358.0,0.3,-0.029,64.9,25.7,,,,
MID-B1H,Delta 7,WCA,14900,403878.3,416882.9,7892.7,90.0,358.0,0.22,0.112,97.2,37.2,32,432118,10333,6184
MID-B1H,Delta 7,WCA,15000,403875.0,416982.8,7892.6,90.05,358.0,0.29,0.057,68.4,31.2,,,,
MID-B1H,Delta 7,WCA,15100,403871.2,417082.7,7891.9,90.42,358.0,0.6,0.366,84.3,18.3,33,372650,9421,7343
MID-B1H,Delta 7,WCA,15200,403866.6,417182.6,7891.3,90.3,358.0,0.31,-0.121,64.9,39.6,,,,
MID-B1H,Delta 7,WCA,15300,403862.1,417282.5,7891.0,90.19,358.0,0.15,-0.105,99.6,36.7,34,512317,9433,6362
MID-B1H,Delta 7,WCA,15400,403860.1,417382.4,7891.6,89.68,358.0,0.8,-0.51,91.7,34.8,,,,
MID-B1H,Delta 7,WCA,15500,403856.8,417482.4,7891.5,90.02,358.0,0.65,0.342,85.6,18.6,35,378949,9396,7074
MID-B1H,Delta 7,WCA,15600,403852.8,417582.3,7892.1,89.65,358.0,0.4,-0.379,92.5,36.1,,,,
MID-B1H,Delta 7,WCA,15700,403850.3,417682.3,7891.8,90.18,358.0,0.82,0.534,77.6,20.8,36,454900,10163,6300
MID-B1H,Delta 7,WCA,15800,403847.4,417782.3,7892.2,89.78,358.0,0.68,-0.4,92.1,19.2,,,,
MID-B1H,Delta 7,WCA,15900,403843.0,417882.2,7892.5,89.82,358.0,0.05,0.045,92.3,33.2,37,426709,11156,7256
MID-B1H,Delta 7,WCA,16000,403838.6,417982.2,7892.4,90.08,358.0,0.27,0.256,87.8,27.8,,,,
MID-B1H,Delta 7,WCA,16100,403835.6,418082.1,7892.4,89.97,358.0,0.25,-0.112,71.3,30.7,38,441287,8528,6936
MID-B1H,Delta 7,WCA,16200,403831.1,418182.0,7891.6,90.46,358.0,0.59,0.489,63.6,32.5,,,,
MID-B1H,Delta 7,WCA,16300,403829.0,418282.0,7891.6,90.01,358.0,0.63,-0.451,83.6,34.8,39,533014,9013,6811
MID-B1H,Delta 7,WCA,16400,403824.8,418381.9,7890.9,90.42,358.0,0.58,0.417,74.7,20.6,,,,
MID-B1H,Delta 7,WCA,16500,403820.7,418481.8,7889.9,90.54,358.0,0.18,0.115,96.5,33.9,40,537097,9313,6661
MID-B1H,Delta 7,WCA,16600,403816.3,418581.7,7889.6,90.17,358.0,0.61,-0.366,99.4,27.3,,,,
MID-B1H,Delta 7,WCA,16700,403813.1,418681.7,7888.6,90.58,358.0,0.75,0.406,92.5,25.5,41,493154,8752,6193
MID-B1H,Delta 7,WCA,16800,403808.6,418781.6,7887.7,90.56,358.0,0.28,-0.014,77.2,26.5,,,,
MID-B1H,Delta 7,WCA,16900,403804.3,418881.6,7888.0,89.81,358.0,0.83,-0.753,91.0,26.4,42,487573,11152,6760
MID-B1H,Delta 7,WCA,17000,403799.9,418981.5,7888.7,89.57,358.0,0.25,-0.236,84.4,37.8,,,,
MID-B1H,Delta 7,WCA,17100,403796.9,419081.5,7888.9,89.91,358.0,0.36,0.339,75.1,34.6,43,421279,9274,6426
MID-B1H,Delta 7,WCA,17200,403792.3,419181.4,7888.7,90.09,358.0,0.27,0.174,79.9,19.0,,,,
MID-B1H,Delta 7,WCA,17300,403787.9,419281.4,7888.7,90.02,358.0,0.38,-0.069,74.5,33.3,44,446991,9333,6174
MID-B1H,Delta 7,WCA,17400,403784.4,419381.3,7888.9,89.89,358.0,0.21,-0.132,77.1,21.0,,,,
MID-B1H,Delta 7,WCA,17500,403779.8,419481.2,7889.6,89.61,358.0,0.43,-0.277,99.1,29.4,45,466903,8452,6823
MID-B1H,Delta 7,WCA,17600,403775.3,419581.2,7889.2,90.21,358.0,0.67,0.603,70.7,26.2,,,,
MID-B1H,Delta 7,WCA,17700,403773.0,419681.1,7888.3,90.53,358.0,0.63,0.319,73.4,22.5,46,597202,9085,6687
MID-B1H,Delta 7,WCA,17800,403770.4,419781.0,7888.4,89.93,358.0,0.82,-0.603,74.2,39.3,,,,
MID-B1H,Delta 7,WCA,17900,403767.2,419880.8,7887.7,90.39,358.0,0.61,0.46,77.7,24.6,47,449997,11067,6624
MID-B1H,Delta 7,WCA,18000,403762.8,419980.8,7886.8,90.52,358.0,0.48,0.136,94.3,25.6,,,,
MID-B1H,Delta 7,WCA,18100,403759.3,420080.8,7887.0,89.9,358.0,0.65,-0.626,86.7,30.4,48,433174,10859,6213
MID-B1H,Delta 7,WCA,18200,403756.4,420180.7,7888.0,89.44,358.0,0.52,-0.456,89.3,30.7,,,,
MID-B1H,Delta 7,WCA,18300,403754.3,420280.7,7888.1,89.89,358.0,0.45,0.447,96.7,21.2,49,564787,10255,6262
MID-B1H,Delta 7,WCA,18400,403750.6,420380.6,7887.7,90.28,358.0,0.41,0.385,99.5,20.7,,,,
MID-B1H,Delta 7,WCA,18500,403747.7,420480.5,7888.3,89.61,358.0,0.75,-0.665,67.9,21.3,50,488410,10831,7150
MID-B1H,Delta 7,WCA,18600,403745.2,420580.4,7889.4,89.37,358.0,0.47,-0.239,96.1,38.2,,,,
MID-B1H,Delta 7,WCA,18700,403742.3,420680.4,7890.4,89.46,358.0,0.21,0.094,62.4,27.6,51,559421,8347,6278
MID-B1H,Delta 7,WCA,18800,403738.2,420780.2,7889.9,90.28,358.0,0.84,0.819,83.8,18.7,,,,
MID-B2H,Delta 7,AVU,100,404800.0,409200.0,100.0,0,358.0,0.44,-0.142,27.2,36.8,,,,
MID-B2H,Delta 7,AVU,200,404800.0,409200.4,200.0,0.25,358.0,0.51,0.252,49.9,23.2,,,,
MID-B2H,Delta 7,AVU,300,404799.9,409201.4,300.0,0.55,358.0,0.33,0.303,38.3,27.8,,,,
MID-B2H,Delta 7,AVU,400,404799.9,409201.9,400.0,0.29,358.0,0.45,-0.268,34.0,23.9,,,,
MID-B2H,Delta 7,AVU,500,404799.9,409201.9,500.0,0,358.0,0.92,-0.701,43.4,39.0,,,,
MID-B2H,Delta 7,AVU,600,404799.9,409202.8,600.0,0.51,358.0,0.62,0.506,27.9,23.1,,,,
MID-B2H,Delta 7,AVU,700,404799.8,409204.1,700.0,0.77,358.0,0.31,0.26,29.8,30.9,,,,
MID-B2H,Delta 7,AVU,800,404799.8,409204.1,800.0,0,358.0,0.92,-0.888,28.5,20.1,,,,
MID-B2H,Delta 7,AVU,900,404799.8,409204.1,900.0,0,358.0,0.42,-0.185,42.5,21.8,,,,
MID-B2H,Delta 7,AVU,1000,404799.8,409204.8,1000.0,0.36,358.0,0.69,0.36,24.8,37.0,,,,
MID-B2H,Delta 7,AVU,1100,404799.8,409204.8,1100.0,0,358.0,0.97,-0.68,43.1,37.6,,,,
MID-B2H,Delta 7,AVU,1200,404799.8,409205.6,1200.0,0.46,358.0,0.71,0.464,47.5,36.1,,,,
MID-B2H,Delta 7,AVU,1300,404799.8,409206.2,1300.0,0.39,358.0,0.14,-0.076,43.2,30.8,,,,
MID-B2H,Delta 7,AVU,1400,404799.8,409206.2,1400.0,0,358.0,0.85,-0.623,32.8,33.1,,,,
MID-B2H,Delta 7,AVU,1500,404799.8,409206.2,1500.0,0,358.0,0.39,-0.193,33.9,28.5,,,,
MID-B2H,Delta 7,AVU,1600,404799.8,409206.2,1600.0,0,358.0,0.63,-0.548,41.9,22.0,,,,
MID-B2H,Delta 7,AVU,1700,404799.8,409206.2,1700.0,0,358.0,0.43,-0.237,27.1,38.8,,,,
MID-B2H,Delta 7,AVU,1800,404799.8,409206.7,1800.0,0.28,358.0,0.57,0.28,38.2,23.2,,,,
MID-B2H,Delta 7,AVU,1900,404799.8,409206.7,1900.0,0,358.0,0.4,-0.326,27.5,29.7,,,,
MID-B2H,Delta 7,AVU,2000,404799.8,409206.7,2000.0,0,358.0,0.44,-0.355,31.0,32.6,,,,
MID-B2H,Delta 7,AVU,2100,404799.8,409206.7,2100.0,0,358.0,0.39,-0.374,33.2,20.2,,,,
MID-B2H,Delta 7,AVU,2200,404799.7,409207.6,2200.0,0.51,358.0,0.55,0.513,31.3,28.8,,,,
MID-B2H,Delta 7,AVU,2300,404799.7,409207.6,2300.0,0,358.0,0.84,-0.613,28.6,32.0,,,,
MID-B2H,Delta 7,AVU,2400,404799.7,409207.6,2400.0,0,358.0,0.36,-0.149,30.9,38.7,,,,
MID-B2H,Delta 7,AVU,2500,404799.7,409208.2,2500.0,0.33,358.0,0.6,0.326,48.8,22.2,,,,
MID-B2H,Delta 7,AVU,2600,404799.7,409208.5,2600.0,0.19,358.0,0.36,-0.132,35.6,22.3,,,,
MID-B2H,Delta 7,AVU,2700,404799.7,409208.5,2700.0,0,358.0,0.46,-0.423,39.6,31.1,,,,
MID-B2H,Delta 7,AVU,2800,404799.7,409208.5,2800.0,0,358.0,0.33,-0.246,36.7,31.0,,,,
MID-B2H,Delta 7,AVU,2900,404799.6,409209.3,2900.0,0.43,358.0,0.48,0.429,38.8,37.4,,,,
MID-B2H,Delta 7,AVU,3000,404799.6,409210.5,3000.0,0.69,358.0,0.47,0.258,49.5,34.0,,,,
MID-B2H,Delta 7,AVU,3100,404799.6,409211.2,3100.0,0.4,358.0,0.45,-0.291,33.0,26.8,,,,
MID-B2H,Delta 7,AVU,3200,404799.6,409211.2,3200.0,0,358.0,0.9,-0.568,24.2,38.9,,,,
MID-B2H,Delta 7,AVU,3300,404799.6,409211.9,3299.9,0.44,358.0,0.67,0.441,37.8,20.0,,,,
MID-B2H,Delta 7,AVU,3400,404799.6,409211.9,3399.9,0,358.0,0.8,-0.735,47.7,23.9,,,,
MID-B2H,Delta 7,AVU,3500,404799.5,409212.2,3499.9,0.16,358.0,0.27,0.158,30.7,35.4,,,,
MID-B2H,Delta 7,AVU,3600,404799.5,409212.2,3599.9,0,358.0,0.66,-0.592,44.6,37.2,,,,
MID-B2H,Delta 7,AVU,3700,404799.5,409213.0,3699.9,0.43,358.0,0.64,0.434,46.6,27.6,,,,
MID-B2H,Delta 7,AVU,3800,404799.5,409213.1,3799.9,0.1,358.0,0.42,-0.338,46.6,35.7,,,,
MID-B2H,Delta 7,AVU,3900,404799.5,409213.1,3899.9,0,358.0,0.59,-0.274,40.0,37.1,,,,
MID-B2H,Delta 7,AVU,4000,404799.5,409213.1,3999.9,0,358.0,0.19,-0.013,46.2,34.5,,,,
MID-B2H,Delta 7,AVU,4100,404799.5,409213.1,4099.9,0,358.0,0.62,-0.506,46.2,19.6,,,,
MID-B2H,Delta 7,AVU,4200,404799.5,409213.5,4199.9,0.2,358.0,0.35,0.197,45.2,32.9,,,,
MID-B2H,Delta 7,AVU,4300,404799.5,409213.5,4299.9,0,358.0,0.49,-0.349,49.8,34.4,,,,
MID-B2H,Delta 7,AVU,4400,404799.5,409214.0,4399.9,0.3,358.0,0.38,0.304,49.6,37.9,,,,
MID-B2H,Delta 7,AVU,4500,404799.4,409214.9,4499.9,0.5,358.0,0.5,0.192,43.5,22.9,,,,
MID-B2H,Delta 7,AVU,4600,404799.4,409214.9,4599.9,0,358.0,0.94,-0.745,29.0,22.8,,,,
MID-B2H,Delta 7,AVU,4700,404799.4,409215.7,4699.9,0.49,358.0,0.83,0.486,27.4,21.9,,,,
MID-B2H,Delta 7,AVU,4800,404799.4,409216.5,4799.9,0.41,358.0,0.26,-0.072,44.7,21.0,,,,
MID-B2H,Delta 7,AVU,4900,404799.4,409217.1,4899.9,0.39,358.0,0.31,-0.024,26.8,26.5,,,,
MID-B2H,Delta 7,AVU,5000,404799.4,409217.2,4999.9,0.04,358.0,0.45,-0.347,31.3,29.2,,,,
MID-B2H,Delta 7,AVU,5100,404799.4,409217.2,5099.9,0,358.0,0.33,-0.246,31.1,35.0,,,,
MID-B2H,Delta 7,AVU,5200,404799.4,409217.3,5199.9,0.06,358.0,0.3,0.058,44.9,28.8,,,,
MID-B2H,Delta 7,AVU,5300,404799.3,409218.0,5299.9,0.4,358.0,0.36,0.339,35.0,21.9,,,,
MID-B2H,Delta 7,AVU,5400,404799.3,409218.6,5399.9,0.33,358.0,0.29,-0.065,24.5,18.8,,,,
MID-B2H,Delta 7,AVU,5500,404799.3,409218.6,5499.9,0,358.0,0.85,-0.56,48.7,25.6,,,,
MID-B2H,Delta 7,AVU,5600,404799.3,409219.3,5599.9,0.43,358.0,0.61,0.426,34.4,21.9,,,,
MID-B2H,Delta 7,AVU,5700,404799.3,409219.9,5699.9,0.32,358.0,0.33,-0.104,26.5,31.1,,,,
MID-B2H,Delta 7,AVU,5800,404799.3,409220.3,5799.9,0.26,358.0,0.19,-0.061,26.7,34.7,,,,
MID-B2H,Delta 7,AVU,5900,404799.3,409220.6,5899.9,0.13,358.0,0.18,-0.13,35.4,28.0,,,,
MID-B2H,Delta 7,AVU,6000,404799.3,409220.6,5999.9,0,358.0,0.36,-0.179,37.5,36.8,,,,
MID-B2H,Delta 7,AVU,6100,404799.3,409220.6,6099.9,0,358.0,0.37,-0.25,37.0,27.4,,,,
MID-B2H,Delta 7,AVU,6200,404799.3,409220.6,6199.9,0,358.0,0.45,-0.224,33.3,22.4,,,,
MID-B2H,Delta 7,AVU,6300,404799.2,409221.1,6299.9,0.31,358.0,0.48,0.306,26.6,20.3,,,,
MID-B2H,Delta 7,AVU,6400,404799.0,409226.1,6399.8,2.87,358.0,2.85,2.567,49.5,22.7,,,,
MID-B2H,Delta 7,AVU,6500,404798.5,409237.3,6499.2,6.41,358.0,3.77,3.539,32.8,32.0,,,,
MID-B2H,Delta 7,AVU,6600,404797.9,409256.1,6597.4,10.85,358.0,4.61,4.436,26.7,35.7,,,,
MID-B2H,Delta 7,AVU,6700,404797.4,409280.9,6694.2,14.38,358.0,3.57,3.532,30.3,34.4,,,,
MID-B2H,Delta 7,AVU,6800,404796.7,409311.8,6789.3,18.02,358.0,3.91,3.642,45.5,36.9,,,,
MID-B2H,Delta 7,AVU,6900,404795.6,409349.1,6882.1,21.89,358.0,4.21,3.863,30.2,23.4,,,,
MID-B2H,Delta 7,AVU,7000,404793.7,409393.5,6971.7,26.38,358.0,4.57,4.49,28.2,26.9,,,,
MID-B2H,Delta 7,AVU,7100,404791.5,409443.9,7058.1,30.27,358.0,3.93,3.895,43.1,32.5,,,,
MID-B2H,Delta 7,AVU,7200,404790.1,409501.1,7140.1,34.91,358.0,4.84,4.638,39.8,24.5,,,,
MID-B2H,Delta 7,AVU,7300,404787.6,409564.3,7217.5,39.27,358.0,4.36,4.357,33.8,18.2,,,,
MID-B2H,Delta 7,AVU,7400,404785.5,409633.0,7290.1,43.49,358.0,4.42,4.227,37.6,30.3,,,,
MID-B2H,Delta 7,AVU,7500,404784.0,409706.8,7357.6,47.52,358.0,4.24,4.025,36.9,26.4,,,,
MID-B2H,Delta 7,AVU,7600,404780.8,409784.7,7420.2,51.28,358.0,3.97,3.761,27.9,22.3,,,,
MID-B2H,Delta 7,AVU,7700,404778.6,409867.3,7476.4,55.78,358.0,4.66,4.502,48.9,28.3,,,,
MID-B2H,Delta 7,AVU,7800,404775.2,409953.1,7527.7,59.1,358.0,3.54,3.317,38.8,34.5,,,,
MID-B2H,Delta 7,AVU,7900,404771.2,410042.1,7573.1,63.04,358.0,4.22,3.943,25.2,27.8,,,,
MID-B2H,Delta 7,AVU,8000,404769.1,410134.4,7611.3,67.55,358.0,4.75,4.507,30.1,37.9,,,,
MID-B2H,Delta 7,AVU,8100,404765.9,410229.2,7643.0,71.49,358.0,4.25,3.936,28.1,38.4,,,,
MID-B2H,Delta 7,AVU,8200,404762.8,410326.0,7667.8,75.66,358.0,4.48,4.171,34.6,39.8,,,,
MID-B2H,Delta 7,AVU,8300,404758.7,410424.3,7685.5,79.82,358.0,4.19,4.163,33.3,32.9,,,,
MID-B2H,Delta 7,AVU,8400,404754.1,410523.7,7696.8,83.49,358.0,3.75,3.668,44.9,18.5,,,,
MID-B2H,Delta 7,AVU,8500,404749.8,410623.5,7701.5,87.34,358.0,4.14,3.851,95.2,36.9,1,463591,9484,6213
MID-B2H,Delta 7,AVU,8600,404747.1,410723.4,7704.4,88.31,358.0,1.13,0.967,84.5,18.8,,,,
MID-B2H,Delta 7,AVU,8700,404743.1,410823.3,7706.4,88.87,358.0,0.8,0.561,63.9,33.9,2,456220,9570,7311
MID-B2H,Delta 7,AVU,8800,404740.2,410923.3,7707.2,89.56,358.0,0.84,0.697,62.8,29.0,,,,
MID-B2H,Delta 7,AVU,8900,404737.9,411023.2,7707.4,89.86,358.0,0.36,0.301,71.6,31.2,3,590497,8606,6774
MID-B2H,Delta 7,AVU,9000,404734.1,411123.2,7707.1,90.16,358.0,0.33,0.296,94.6,18.9,,,,
MID-B2H,Delta 7,AVU,9100,404730.3,411223.1,7706.9,90.15,358.0,0.14,-0.015,74.1,29.0,4,583455,9347,7261
MID-B2H,Delta 7,AVU,9200,404727.3,411323.1,7707.5,89.65,358.0,0.66,-0.496,81.2,22.5,,,,
MID-B2H,Delta 7,AVU,9300,404724.1,411423.0,7708.4,89.44,358.0,0.55,-0.211,76.0,18.8,5,595544,9894,7082
MID-B2H,Delta 7,AVU,9400,404720.0,411523.0,7709.1,89.64,358.0,0.43,0.205,62.5,18.2,,,,
MID-B2H,Delta 7,AVU,9500,404716.8,411622.9,7710.3,89.31,358.0,0.64,-0.33,73.3,25.8,6,411444,10978,6870
MID-B2H,Delta 7,AVU,9600,404713.5,411722.9,7710.9,89.63,358.0,0.44,0.321,99.7,37.4,,,,
MID-B2H,Delta 7,AVU,9700,404710.0,411822.9,7710.8,90.08,358.0,0.74,0.449,83.8,36.2,7,588313,10779,7083
MID-B2H,Delta 7,AVU,9800,404706.5,411922.8,7709.8,90.58,358.0,0.52,0.493,63.4,32.1,,,,
MID-B2H,Delta 7,AVU,9900,404702.3,412022.8,7709.3,90.25,358.0,0.53,-0.33,93.0,20.4,8,396548,11197,6746
MID-B2H,Delta 7,AVU,10000,404700.3,412122.7,7708.8,90.28,358.0,0.15,0.032,64.8,20.1,,,,
MID-B2H,Delta 7,AVU,10100,404698.3,412222.7,7707.7,90.66,358.0,0.57,0.382,76.2,39.0,9,461720,10063,7192
MID-B2H,Delta 7,AVU,10200,404695.6,412322.6,7708.0,89.81,358.0,0.98,-0.847,87.8,24.4,,,,
MID-B2H,Delta 7,AVU,10300,404690.6,412422.6,7707.5,90.26,358.0,0.69,0.45,72.9,36.3,10,356338,8980,7035
MID-B2H,Delta 7,AVU,10400,404686.5,412522.5,7707.2,90.18,358.0,0.42,-0.083,79.1,27.3,,,,
MID-B2H,Delta 7,AVU,10500,404681.7,412622.4,7707.8,89.67,358.0,0.73,-0.514,87.1,37.0,11,530407,8730,6571
MID-B2H,Delta 7,AVU,10600,404676.9,412722.3,7708.4,89.67,358.0,0.01,0.002,85.1,34.6,,,,
MID-B2H,Delta 7,AVU,10700,404672.7,412822.2,7709.3,89.46,358.0,0.34,-0.21,65.3,29.6,12,580318,8867,6840
MID-B2H,Delta 7,AVU,10800,404669.3,412922.1,7710.3,89.44,358.0,0.27,-0.017,98.4,36.3,,,,
MID-B2H,Delta 7,AVU,10900,404666.7,413022.0,7711.3,89.41,358.0,0.36,-0.028,73.8,23.7,13,433291,11597,6427
MID-B2H,Delta 7,AVU,11000,404663.7,413122.0,7712.3,89.45,358.0,0.2,0.04,73.7,25.7,,,,
MID-B2H,Delta 7,AVU,11100,404660.8,413221.9,7712.6,89.82,358.0,0.46,0.366,64.0,26.1,14,509892,10358,7204
MID-B2H,Delta 7,AVU,11200,404656.7,413321.8,7712.3,90.19,358.0,0.53,0.372,76.2,19.5,,,,
MID-B2H,Delta 7,AVU,11300,404654.4,413421.7,7711.2,90.63,358.0,0.52,0.439,81.5,27.8,15,484293,9375,7045
MID-B2H,Delta 7,AVU,11400,404650.5,413521.7,7710.6,90.34,358.0,0.37,-0.295,67.0,28.3,,,,
MID-B2H,Delta 7,AVU,11500,404647.0,413621.6,7710.5,90.04,358.0,0.52,-0.299,80.0,21.6,16,477316,9117,6256
MID-B2H,Delta 7,AVU,11600,404644.8,413721.5,7711.4,89.47,358.0,0.91,-0.564,89.3,32.0,,,,
MID-B2H,Delta 7,AVU,11700,404641.4,413821.4,7711.2,90.12,358.0,0.7,0.647,73.1,18.5,17,361512,8552,6854
MID-B2H,Delta 7,AVU,11800,404639.3,413921.3,7710.6,90.35,358.0,0.4,0.228,69.3,19.2,,,,
MID-B2H,Delta 7,AVU,11900,404636.5,414021.2,7711.0,89.78,358.0,0.81,-0.567,83.2,32.4,18,352295,8544,7486
MID-B2H,Delta 7,AVU,12000,404632.6,414121.2,7711.0,90.0,358.0,0.57,0.223,83.2,31.0,,,,
MID-B2H,Delta 7,AVU,12100,404627.9,414221.2,7710.5,90.3,358.0,0.39,0.296,98.1,33.2,19,430375,8846,6557
MID-B2H,Delta 7,AVU,12200,404625.5,414321.1,7711.1,89.67,358.0,0.82,-0.633,64.8,19.4,,,,
MID-B2H,Delta 7,AVU,12300,404622.5,414421.0,7710.6,90.27,358.0,0.9,0.598,63.2,21.5,20,352355,9547,7491
MID-B2H,Delta 7,AVU,12400,404619.3,414521.0,7711.0,89.76,358.0,0.73,-0.507,71.0,21.9,,,,
MID-B2H,Delta 7,AVU,12500,404615.4,414620.8,7711.9,89.52,358.0,0.28,-0.241,85.9,19.1,21,429991,10129,6537
MID-B2H,Delta 7,AVU,12600,404610.7,414720.8,7712.4,89.71,358.0,0.37,0.197,76.6,31.6,,,,
MID-B2H,Delta 7,AVU,12700,404607.4,414820.7,7711.9,90.28,358.0,0.9,0.566,66.9,21.3,22,438595,10877,6157
MID-B2H,Delta 7,AVU,12800,404604.9,414920.6,7711.4,90.28,358.0,0.26,0.004,65.0,19.3,,,,
MID-B2H,Delta 7,AVU,12900,404599.9,415020.5,7711.8,89.73,358.0,0.81,-0.551,76.6,18.0,23,489665,10045,6969
MID-B2H,Delta 7,AVU,13000,404597.8,415120.4,7712.3,89.73,358.0,0.27,-0.005,80.7,31.3,,,,
MID-B2H,Delta 7,AVU,13100,404593.0,415220.3,7712.0,90.17,358.0,0.47,0.445,87.1,33.4,24,377765,11091,6167
MID-B2H,Delta 7,AVU,13200,404588.8,415320.2,7712.3,89.81,358.0,0.42,-0.362,70.8,29.8,,,,
MID-B2H,Delta 7,AVU,13300,404585.3,415420.1,7713.4,89.39,358.0,0.46,-0.425,94.7,27.1,25,484154,9775,7247
MID-B2H,Delta 7,AVU,13400,404582.3,415520.1,7713.2,90.11,358.0,0.94,0.722,90.5,19.2,,,,
MID-B2H,Delta 7,AVU,13500,404580.2,415620.1,7712.5,90.39,358.0,0.47,0.284,82.4,37.0,26,380408,8691,6414
MID-B2H,Delta 7,AVU,13600,404578.2,415720.0,7712.2,90.21,358.0,0.52,-0.187,76.1,25.0,,,,
MID-B2H,Delta 7,AVU,13700,404574.4,415819.9,7712.0,90.12,358.0,0.26,-0.082,83.2,18.8,27,557125,8865,6784
MID-B2H,Delta 7,AVU,13800,404570.0,415919.8,7711.1,90.47,358.0,0.64,0.346,90.5,35.5,,,,
MID-B2H,Delta 7,AVU,13900,404566.5,416019.8,7710.2,90.53,358.0,0.4,0.058,86.2,32.3,28,379469,9867,7362
MID-B2H,Delta 7,AVU,14000,404563.1,416119.6,7709.1,90.62,358.0,0.29,0.089,64.1,29.7,,,,
MID-B2H,Delta 7,AVU,14100,404560.2,416219.6,7709.5,89.77,358.0,0.9,-0.848,76.3,37.7,29,544626,11439,7180
MID-B2H,Delta 7,AVU,14200,404556.6,416319.6,7710.4,89.51,358.0,0.29,-0.259,83.5,29.2,,,,
MID-B2H,Delta 7,AVU,14300,404553.8,416419.5,7711.5,89.37,358.0,0.18,-0.139,73.0,25.2,30,576781,8912,6628
MID-B2H,Delta 7,AVU,14400,404551.4,416519.5,7711.4,90.07,358.0,0.91,0.701,68.1,26.9,,,,
MID-B2H,Delta 7,AVU,14500,404548.4,416619.5,7711.1,90.14,358.0,0.25,0.065,74.2,35.0,31,510416,11699,7287
MID-B2H,Delta 7,AVU,14600,404544.3,416719.4,7710.5,90.38,358.0,0.43,0.246,72.3,31.5,,,,
MID-B2H,Delta 7,AVU,14700,404539.8,416819.3,7710.5,89.99,358.0,0.66,-0.397,62.7,27.6,32,474942,10699,6642
MID-B2H,Delta 7,AVU,14800,404535.6,416919.3,7710.2,90.2,358.0,0.45,0.211,86.9,18.5,,,,
MID-B2H,Delta 7,AVU,14900,404531.6,417019.2,7710.7,89.71,358.0,0.53,-0.486,78.3,35.9,33,520113,11511,6451
MID-B2H,Delta 7,AVU,15000,404527.4,417119.2,7710.7,90.0,358.0,0.38,0.29,69.8,27.9,,,,
MID-B2H,Delta 7,AVU,15100,404524.5,417219.1,7710.7,89.97,358.0,0.34,-0.033,63.0,21.7,34,340831,11767,7441
MID-B2H,Delta 7,AVU,15200,404521.1,417319.0,7710.9,89.88,358.0,0.4,-0.089,97.3,23.1,,,,
MID-B2H,Delta 7,AVU,15300,404516.5,417418.9,7710.8,90.08,358.0,0.33,0.196,62.7,22.8,35,548601,8318,7470
MID-B2H,Delta 7,AVU,15400,404513.5,417518.9,7709.9,90.5,358.0,0.71,0.422,95.5,31.7,,,,
MID-B2H,Delta 7,AVU,15500,404510.1,417618.8,7708.7,90.69,358.0,0.48,0.195,87.1,30.1,36,415436,9673,6935
MID-B2H,Delta 7,AVU,15600,404507.8,417718.7,7709.0,89.82,358.0,0.9,-0.872,64.9,26.7,,,,
MID-B2H,Delta 7,AVU,15700,404502.9,417818.6,7709.4,89.79,358.0,0.3,-0.034,84.3,20.5,37,510870,8955,6747
MID-B2H,Delta 7,AVU,15800,404500.6,417918.5,7708.9,90.28,358.0,0.53,0.492,67.9,36.2,,,,
MID-B2H,Delta 7,AVU,15900,404495.8,418018.4,7709.1,89.88,358.0,0.54,-0.395,99.9,20.5,38,342893,10400,7377
MID-B2H,Delta 7,AVU,16000,404493.8,418118.4,7710.0,89.49,358.0,0.51,-0.395,90.4,38.5,,,,
MID-B2H,Delta 7,AVU,16100,404491.0,418218.4,7710.9,89.48,358.0,0.03,-0.007,92.1,32.7,39,524888,9303,7190
MID-B2H,Delta 7,AVU,16200,404488.9,418318.3,7711.4,89.74,358.0,0.54,0.254,69.1,26.9,,,,
MID-B2H,Delta 7,AVU,16300,404485.5,418418.3,7712.0,89.64,358.0,0.1,-0.096,94.5,18.9,40,391593,9757,6331
MID-B2H,Delta 7,AVU,16400,404483.2,418518.3,7712.7,89.6,358.0,0.15,-0.044,92.1,31.4,,,,
MID-B2H,Delta 7,AVU,16500,404479.3,418618.2,7713.4,89.63,358.0,0.11,0.037,96.5,35.6,41,542304,10708,7416
MID-B2H,Delta 7,AVU,16600,404475.7,418718.1,7712.9,90.27,358.0,0.65,0.639,63.7,21.2,,,,
MID-B2H,Delta 7,AVU,16700,404471.0,418818.0,7711.7,90.67,358.0,0.48,0.398,89.1,30.0,42,370235,9618,6331
MID-B2H,Delta 7,AVU,16800,404466.8,418918.0,7710.2,90.85,358.0,0.23,0.18,82.8,21.1,,,,
MID-B2H,Delta 7,AVU,16900,404463.4,419017.9,7710.2,89.99,358.0,0.89,-0.855,91.1,39.8,43,422157,8760,6741
MID-B2H,Delta 7,AVU,17000,404461.1,419117.9,7710.1,90.1,358.0,0.37,0.109,83.1,30.0,,,,
MID-B2H,Delta 7,AVU,17100,404456.3,419217.8,7710.0,90.02,358.0,0.2,-0.08,99.3,29.2,44,350469,8942,6571
MID-B2H,Delta 7,AVU,17200,404453.1,419317.7,7710.6,89.67,358.0,0.55,-0.352,97.9,20.8,,,,
MID-B2H,Delta 7,AVU,17300,404450.2,419417.6,7711.8,89.33,358.0,0.5,-0.338,67.4,35.5,45,387954,10884,7143
MID-B2H,Delta 7,AVU,17400,404448.0,419517.5,7712.5,89.6,358.0,0.47,0.266,77.0,20.8,,,,
MID-B2H,Delta 7,AVU,17500,404445.1,419617.4,7713.5,89.43,358.0,0.31,-0.173,79.0,23.2,46,517646,8863,6599
MID-B2H,Delta 7,AVU,17600,404441.3,419717.4,7714.0,89.67,358.0,0.4,0.24,99.4,34.4,,,,
MID-B2H,Delta 7,AVU,17700,404437.1,419817.3,7714.7,89.61,358.0,0.1,-0.057,63.8,30.2,47,408123,9892,6693
MID-B2H,Delta 7,AVU,17800,404434.9,419917.3,7714.9,89.88,358.0,0.46,0.269,78.7,23.3,,,,
MID-B2H,Delta 7,AVU,17900,404432.5,420017.2,7714.1,90.49,358.0,0.77,0.615,76.5,35.1,48,549431,8336,7405
MID-B2H,Delta 7,AVU,18000,404428.5,420117.2,7713.8,90.15,358.0,0.64,-0.348,95.7,33.5,,,,
MID-B3H,Delta 7,SBL,100,405459.6,409177.0,100.0,0,358.0,0.64,-0.542,47.1,19.8,,,,
MID-B3H,Delta 7,SBL,200,405459.6,409177.1,200.0,0.1,358.0,0.22,0.098,49.8,39.6,,,,
MID-B3H,Delta 7,SBL,300,405459.6,409177.8,300.0,0.37,358.0,0.41,0.273,48.8,18.1,,,,
MID-B3H,Delta 7,SBL,400,405459.5,409178.8,400.0,0.56,358.0,0.46,0.188,41.6,29.7,,,,
MID-B3H,Delta 7,SBL,500,405459.5,409179.6,500.0,0.47,358.0,0.31,-0.09,30.5,28.6,,,,
MID-B3H,Delta 7,SBL,600,405459.5,409180.6,600.0,0.59,358.0,0.42,0.117,47.5,34.5,,,,
MID-B3H,Delta 7,SBL,700,405459.5,409180.7,700.0,0.08,358.0,0.76,-0.507,41.8,29.7,,,,
MID-B3H,Delta 7,SBL,800,405459.5,409180.7,800.0,0,358.0,0.64,-0.429,45.4,25.0,,,,
MID-B3H,Delta 7,SBL,900,405459.4,409181.6,900.0,0.5,358.0,0.55,0.503,35.1,39.1,,,,
MID-B3H,Delta 7,SBL,1000,405459.4,409182.9,1000.0,0.74,358.0,0.25,0.239,39.2,20.4,,,,
MID-B3H,Delta 7,SBL,1100,405459.4,409183.9,1100.0,0.58,358.0,0.26,-0.165,31.7,33.5,,,,
MID-B3H,Delta 7,SBL,1200,405459.3,409184.7,1200.0,0.47,358.0,0.14,-0.111,46.5,25.3,,,,
MID-B3H,Delta 7,SBL,1300,405459.3,409185.9,1300.0,0.66,358.0,0.53,0.19,47.7,25.5,,,,
MID-B3H,Delta 7,SBL,1400,405459.3,409186.3,1400.0,0.27,358.0,0.67,-0.388,26.9,23.7,,,,
MID-B3H,Delta 7,SBL,1500,405459.2,409187.1,1500.0,0.45,358.0,0.39,0.187,46.2,22.0,,,,
MID-B3H,Delta 7,SBL,1600,405459.2,409188.4,1599.9,0.75,358.0,0.61,0.294,33.1,39.1,,,,
MID-B3H,Delta 7,SBL,1700,405459.2,409188.4,1699.9,0,358.0,1.09,-0.822,30.9,36.4,,,,
MID-B3H,Delta 7,SBL,1800,405459.2,409188.8,1799.9,0.2,358.0,0.47,0.205,33.3,39.0,,,,
MID-B3H,Delta 7,SBL,1900,405459.2,409188.8,1899.9,0.02,358.0,0.24,-0.189,42.4,31.6,,,,
MID-B3H,Delta 7,SBL,2000,405459.2,409188.8,1999.9,0,358.0,0.23,-0.138,37.1,22.1,,,,
MID-B3H,Delta 7,SBL,2100,405459.2,409188.8,2099.9,0,358.0,0.24,-0.089,24.9,18.6,,,,
MID-B3H,Delta 7,SBL,2200,405459.2,409188.9,2199.9,0.06,358.0,0.4,0.062,27.0,31.7,,,,
MID-B3H,Delta 7,SBL,2300,405459.2,409188.9,2299.9,0,358.0,0.35,-0.211,46.1,33.9,,,,
MID-B3H,Delta 7,SBL,2400,405459.2,409188.9,2399.9,0,358.0,0.46,-0.334,47.3,23.8,,,,
MID-B3H,Delta 7,SBL,2500,405459.2,409188.9,2499.9,0,358.0,0.64,-0.428,50.0,25.0,,,,
MID-B3H,Delta 7,SBL,2600,405459.2,409188.9,2599.9,0,358.0,0.54,-0.45,36.4,33.5,,,,
MID-B3H,Delta 7,SBL,2700,405459.2,409188.9,2699.9,0,358.0,0.48,-0.257,35.5,30.0,,,,
MID-B3H,Delta 7,SBL,2800,405459.2,409188.9,2799.9,0,358.0,0.42,-0.357,32.5,25.4,,,,
MID-B3H,Delta 7,SBL,2900,405459.1,409189.8,2899.9,0.48,358.0,0.73,0.476,30.3,18.6,,,,
MID-B3H,Delta 7,SBL,3000,405459.1,409189.8,2999.9,0,358.0,0.69,-0.664,35.8,23.1,,,,
MID-B3H,Delta 7,SBL,3100,405459.1,409190.2,3099.9,0.25,358.0,0.3,0.251,43.6,32.5,,,,
MID-B3H,Delta 7,SBL,3200,405459.1,409190.2,3199.9,0,358.0,0.87,-0.634,28.8,25.0,,,,
MID-B3H,Delta 7,SBL,3300,405459.1,409190.5,3299.9,0.19,358.0,0.29,0.194,32.9,35.3,,,,
MID-B3H,Delta 7,SBL,3400,405459.1,409190.5,3399.9,0,358.0,0.84,-0.575,45.2,36.8,,,,
MID-B3H,Delta 7,SBL,3500,405459.1,409190.8,3499.9,0.16,358.0,0.2,0.159,29.5,21.4,,,,
MID-B3H,Delta 7,SBL,3600,405459.1,409191.0,3599.9,0.12,358.0,0.29,-0.036,24.8,26.2,,,,
MID-B3H,Delta 7,SBL,3700,405459.1,409191.0,3699.9,0,358.0,0.71,-0.581,24.9,34.7,,,,
MID-B3H,Delta 7,SBL,3800,405459.1,409191.0,3799.9,0,358.0,0.33,-0.114,36.4,27.5,,,,
MID-B3H,Delta 7,SBL,3900,405459.1,409191.8,3899.9,0.44,358.0,0.59,0.437,49.7,24.0,,,,
MID-B3H,Delta 7,SBL,4000,405459.0,409192.8,3999.9,0.57,358.0,0.21,0.132,25.3,27.7,,,,
MID-B3H,Delta 7,SBL,4100,405459.0,409193.1,4099.9,0.2,358.0,0.49,-0.369,26.8,19.0,,,,
MID-B3H,Delta 7,SBL,4200,405459.0,409193.6,4199.9,0.26,358.0,0.19,0.058,50.0,18.2,,,,
MID-B3H,Delta 7,SBL,4300,405459.0,409194.2,4299.9,0.38,358.0,0.42,0.118,36.0,35.9,,,,
MID-B3H,Delta 7,SBL,4400,405458.9,409194.9,4399.9,0.37,358.0,0.1,-0.01,37.5,20.7,,,,
MID-B3H,Delta 7,SBL,4500,405458.9,409195.3,4499.9,0.27,358.0,0.31,-0.097,24.7,23.5,,,,
MID-B3H,Delta 7,SBL,4600,405458.9,409195.8,4599.9,0.25,358.0,0.06,-0.016,41.3,32.7,,,,
MID-B3H,Delta 7,SBL,4700,405458.9,409196.0,4699.9,0.11,358.0,0.47,-0.147,29.5,18.1,,,,
MID-B3H,Delta 7,SBL,4800,405458.9,409196.0,4799.9,0,358.0,0.6,-0.359,31.0,37.0,,,,
MID-B3H,Delta 7,SBL,4900,405458.9,409196.8,4899.9,0.47,358.0,0.73,0.465,40.1,29.6,,,,
MID-B3H,Delta 7,SBL,5000,405458.9,409197.4,4999.9,0.33,358.0,0.26,-0.136,30.3,38.2,,,,
MID-B3H,Delta 7,SBL,5100,405458.8,409197.6,5099.9,0.15,358.0,0.26,-0.179,48.9,39.9,,,,
MID-B3H,Delta 7,SBL,5200,405458.8,409197.6,5199.9,0.01,358.0,0.24,-0.143,29.7,39.0,,,,
MID-B3H,Delta 7,SBL,5300,405458.8,409197.6,5299.9,0,358.0,0.56,-0.415,45.4,39.3,,,,
MID-B3H,Delta 7,SBL,5400,405458.8,409197.8,5399.9,0.09,358.0,0.4,0.087,28.8,22.0,,,,
MID-B3H,Delta 7,SBL,5500,405458.8,409198.7,5499.9,0.52,358.0,0.55,0.431,38.7,27.4,,,,
MID-B3H,Delta 7,SBL,5600,405458.8,409200.0,5599.9,0.78,358.0,0.31,0.26,47.6,35.7,,,,
MID-B3H,Delta 7,SBL,5700,405458.7,409201.5,5699.9,0.8,358.0,0.28,0.026,34.5,32.9,,,,
MID-B3H,Delta 7,SBL,5800,405458.7,409202.0,5799.9,0.33,358.0,0.71,-0.47,31.6,22.9,,,,
MID-B3H,Delta 7,SBL,5900,405458.7,409202.0,5899.9,0.0,358.0,0.52,-0.333,35.6,33.3,,,,
MID-B3H,Delta 7,SBL,6000,405458.7,409203.0,5999.9,0.52,358.0,0.8,0.523,26.0,27.7,,,,
MID-B3H,Delta 7,SBL,6100,405458.7,409203.0,6099.9,0,358.0,1.12,-0.78,47.2,34.4,,,,
MID-B3H,Delta 7,SBL,6200,405458.6,409203.2,6199.9,0.16,358.0,0.28,0.165,49.8,19.4,,,,
MID-B3H,Delta 7,SBL,6300,405458.5,409207.0,6299.8,2.18,358.0,2.16,2.017,38.4,20.0,,,,
MID-B3H,Delta 7,SBL,6400,405458.0,409216.5,6399.4,5.43,358.0,3.29,3.245,30.5,33.1,,,,
MID-B3H,Delta 7,SBL,6500,405457.7,409231.2,6498.3,8.45,358.0,3.07,3.027,27.2,19.2,,,,
MID-B3H,Delta 7,SBL,6600,405456.7,409251.6,6596.2,11.81,358.0,3.7,3.352,47.3,19.4,,,,
MID-B3H,Delta 7,SBL,6700,405455.8,409278.9,6692.4,15.86,358.0,4.16,4.052,42.6,19.9,,,,
MID-B3H,Delta 7,SBL,6800,405454.8,409312.9,6786.4,19.88,358.0,4.32,4.026,39.2,38.2,,,,
MID-B3H,Delta 7,SBL,6900,405453.1,409353.2,6877.9,23.82,358.0,4.07,3.939,35.9,22.7,,,,
MID-B3H,Delta 7,SBL,7000,405451.4,409400.6,6965.9,28.34,358.0,4.71,4.514,35.1,24.6,,,,
MID-B3H,Delta 7,SBL,7100,405450.3,409453.8,7050.6,32.13,358.0,3.89,3.791,24.3,38.0,,,,
MID-B3H,Delta 7,SBL,7200,405448.7,409512.7,7131.4,36.08,358.0,4.0,3.951,49.0,32.1,,,,
MID-B3H,Delta 7,SBL,7300,405446.3,409578.1,7207.0,40.91,358.0,5.16,4.836,33.6,32.3,,,,
MID-B3H,Delta 7,SBL,7400,405443.6,409648.7,7277.8,44.93,358.0,4.19,4.014,32.3,35.5,,,,
MID-B3H,Delta 7,SBL,7500,405440.4,409724.1,7343.3,49.08,358.0,4.42,4.149,48.9,37.1,,,,
MID-B3H,Delta 7,SBL,7600,405438.5,409803.6,7403.8,52.73,358.0,3.89,3.654,26.6,32.2,,,,
MID-B3H,Delta 7,SBL,7700,405436.1,409887.4,7458.3,56.99,358.0,4.45,4.259,32.5,30.0,,,,
MID-B3H,Delta 7,SBL,7800,405431.9,409974.9,7506.8,61.02,358.0,4.17,4.032,36.9,20.7,,,,
MID-B3H,Delta 7,SBL,7900,405428.8,410065.4,7549.0,65.01,358.0,4.33,3.992,27.5,28.7,,,,
MID-B3H,Delta 7,SBL,8000,405426.9,410159.0,7584.1,69.49,358.0,4.72,4.475,40.0,34.4,,,,
MID-B3H,Delta 7,SBL,8100,405424.7,410254.7,7613.0,73.2,358.0,3.88,3.714,25.1,28.7,,,,
MID-B3H,Delta 7,SBL,8200,405420.3,410352.3,7634.6,77.5,358.0,4.56,4.298,35.0,20.5,,,,
MID-B3H,Delta 7,SBL,8300,405416.6,410451.3,7648.5,81.99,358.0,4.83,4.495,28.9,24.8,,,,
MID-B3H,Delta 7,SBL,8400,405412.6,410550.9,7655.9,85.77,358.0,3.84,3.774,47.7,26.2,,,,
MID-B3H,Delta 7,SBL,8500,405410.3,410650.8,7659.1,88.18,358.0,2.61,2.411,64.2,20.2,1,348280,11147,7355
MID-B3H,Delta 7,SBL,8600,405406.5,410750.7,7660.6,89.13,358.0,1.01,0.952,89.5,24.7,,,,
MID-B3H,Delta 7,SBL,8700,405403.5,410850.7,7661.8,89.31,358.0,0.21,0.173,69.7,36.6,2,584503,8813,6305
MID-B3H,Delta 7,SBL,8800,405399.7,410950.6,7661.8,90.0,358.0,0.91,0.7,90.6,24.1,,,,
MID-B3H,Delta 7,SBL,8900,405397.1,411050.5,7661.0,90.45,358.0,0.59,0.449,67.0,18.5,3,461972,11616,7306
MID-B3H,Delta 7,SBL,9000,405392.9,411150.4,7659.9,90.63,358.0,0.49,0.178,81.2,38.3,,,,
MID-B3H,Delta 7,SBL,9100,405389.8,411250.4,7658.6,90.75,358.0,0.29,0.121,84.8,28.8,4,462520,10045,7469
MID-B3H,Delta 7,SBL,9200,405386.3,411350.3,7657.9,90.38,358.0,0.55,-0.371,94.4,23.6,,,,
MID-B3H,Delta 7,SBL,9300,405383.5,411450.3,7656.7,90.72,358.0,0.39,0.336,99.0,36.4,5,597884,9613,6331
MID-B3H,Delta 7,SBL,9400,405380.4,411550.3,7656.3,90.23,358.0,0.76,-0.491,87.0,24.8,,,,
MID-B3H,Delta 7,SBL,9500,405377.4,411650.2,7656.7,89.74,358.0,0.65,-0.489,71.6,22.4,6,449302,9239,6586
MID-B3H,Delta 7,SBL,9600,405373.4,411750.2,7656.6,90.08,358.0,0.64,0.342,68.9,32.5,,,,
MID-B3H,Delta 7,SBL,9700,405369.3,411850.1,7655.8,90.43,358.0,0.51,0.352,88.6,30.3,7,435927,9447,7359
MID-B3H,Delta 7,SBL,9800,405366.6,411950.0,7655.7,90.06,358.0,0.48,-0.371,77.3,25.7,,,,
MID-B3H,Delta 7,SBL,9900,405364.2,412049.9,7655.5,90.14,358.0,0.23,0.075,74.6,23.1,8,575931,10904,7445
MID-B3H,Delta 7,SBL,10000,405359.4,412149.8,7654.9,90.34,358.0,0.39,0.206,98.7,37.9,,,,
MID-B3H,Delta 7,SBL,10100,405357.1,412249.8,7654.1,90.43,358.0,0.24,0.087,79.5,21.5,9,380799,11488,6286
MID-B3H,Delta 7,SBL,10200,405352.3,412349.7,7653.0,90.63,358.0,0.39,0.206,87.5,21.0,,,,
MID-B3H,Delta 7,SBL,10300,405348.6,412449.6,7652.8,90.16,358.0,0.69,-0.474,71.5,29.2,10,469383,8545,6803
MID-B3H,Delta 7,SBL,10400,405345.3,412549.6,7652.8,89.96,358.0,0.38,-0.202,90.6,27.8,,,,
MID-B3H,Delta 7,SBL,10500,405342.8,412649.5,7653.8,89.44,358.0,0.54,-0.523,94.0,39.5,11,563203,9707,6721
MID-B3H,Delta 7,SBL,10600,405338.0,412749.5,7653.5,90.17,358.0,0.88,0.73,98.7,28.8,,,,
MID-B3H,Delta 7,SBL,10700,405334.8,412849.4,7653.6,89.98,358.0,0.38,-0.184,64.1,28.2,12,433271,11104,7105
MID-B3H,Delta 7,SBL,10800,405330.7,412949.3,7653.7,89.93,358.0,0.08,-0.048,89.9,20.4,,,,
MID-B3H,Delta 7,SBL,10900,405326.4,413049.2,7654.7,89.43,358.0,0.83,-0.504,65.4,32.7,13,434295,11214,6116
MID-B3H,Delta 7,SBL,11000,405322.2,413149.1,7654.6,90.04,358.0,0.83,0.614,66.0,34.2,,,,
MID-B3H,Delta 7,SBL,11100,405317.9,413249.1,7655.2,89.66,358.0,0.66,-0.38,81.5,19.0,14,483501,9885,6504
MID-B3H,Delta 7,SBL,11200,405313.4,413349.0,7656.3,89.38,358.0,0.55,-0.287,85.3,30.6,,,,
MID-B3H,Delta 7,SBL,11300,405308.5,413449.0,7656.8,89.69,358.0,0.35,0.312,83.8,24.1,15,566681,11006,6766
MID-B3H,Delta 7,SBL,11400,405304.2,413548.9,7657.0,89.91,358.0,0.25,0.224,96.3,36.4,,,,
MID-B3H,Delta 7,SBL,11500,405300.8,413648.9,7656.7,90.15,358.0,0.36,0.237,83.3,20.4,16,464155,9652,7130
MID-B3H,Delta 7,SBL,11600,405295.9,413748.8,7655.9,90.45,358.0,0.62,0.301,83.2,30.3,,,,
MID-B3H,Delta 7,SBL,11700,405293.3,413848.7,7656.0,89.97,358.0,0.73,-0.478,83.2,35.2,17,501558,10277,6577
MID-B3H,Delta 7,SBL,11800,405288.5,413948.7,7656.2,89.89,358.0,0.12,-0.085,97.3,22.5,,,,
MID-B3H,Delta 7,SBL,11900,405285.8,414048.7,7655.5,90.39,358.0,0.71,0.502,83.5,29.7,18,422045,11385,6870
MID-B3H,Delta 7,SBL,12000,405283.0,414148.6,7654.3,90.68,358.0,0.31,0.294,65.1,33.6,,,,
MID-B3H,Delta 7,SBL,12100,405278.4,414248.5,7653.4,90.54,358.0,0.23,-0.141,72.0,18.2,19,354574,11169,6138
MID-B3H,Delta 7,SBL,12200,405275.4,414348.5,7652.3,90.61,358.0,0.39,0.071,69.1,32.3,,,,
MID-B3H,Delta 7,SBL,12300,405272.3,414448.4,7651.9,90.22,358.0,0.72,-0.397,94.2,22.9,20,575386,8536,7495
MID-B3H,Delta 7,SBL,12400,405270.3,414548.3,7651.4,90.31,358.0,0.29,0.099,63.2,37.9,,,,
MID-B3H,Delta 7,SBL,12500,405267.7,414648.3,7650.5,90.47,358.0,0.36,0.159,84.7,24.4,21,351944,11429,6662
MID-B3H,Delta 7,SBL,12600,405264.5,414748.3,7650.6,89.96,358.0,0.66,-0.511,97.4,23.3,,,,
MID-B3H,Delta 7,SBL,12700,405259.5,414848.2,7650.9,89.82,358.0,0.46,-0.143,97.1,19.2,22,462893,9607,6577
MID-B3H,Delta 7,SBL,12800,405256.2,414948.1,7651.4,89.74,358.0,0.28,-0.077,97.6,22.3,,,,
MID-B3H,Delta 7,SBL,12900,405251.8,415048.0,7652.5,89.34,358.0,0.66,-0.403,69.7,27.5,23,553879,11435,6865
MID-B3H,Delta 7,SBL,13000,405248.2,415148.0,7652.2,90.21,358.0,1.06,0.87,65.0,19.5,,,,
MID-B3H,Delta 7,SBL,13100,405245.4,415248.0,7652.9,89.59,358.0,0.92,-0.615,80.4,23.6,24,565590,10166,6614
MID-B3H,Delta 7,SBL,13200,405243.4,415347.9,7653.2,89.8,358.0,0.27,0.202,90.5,25.7,,,,
MID-B3H,Delta 7,SBL,13300,405240.8,415447.8,7653.2,90.02,358.0,0.48,0.227,64.1,27.4,25,594964,9049,6424
MID-B3H,Delta 7,SBL,13400,405238.4,415547.7,7653.5,89.83,358.0,0.28,-0.199,79.6,32.7,,,,
MID-B3H,Delta 7,SBL,13500,405235.4,415647.6,7654.2,89.59,358.0,0.24,-0.235,84.0,36.2,26,343790,10716,6948
MID-B3H,Delta 7,SBL,13600,405231.7,415747.6,7654.8,89.68,358.0,0.36,0.086,92.9,20.8,,,,
MID-B3H,Delta 7,SBL,13700,405226.8,415847.5,7656.0,89.31,358.0,0.47,-0.37,91.7,19.9,27,459821,8315,7373
MID-B3H,Delta 7,SBL,13800,405223.9,415947.5,7657.2,89.32,358.0,0.18,0.018,99.0,36.9,,,,
MID-B3H,Delta 7,SBL,13900,405221.0,416047.4,7656.9,90.17,358.0,1.05,0.842,82.2,30.5,28,598985,10452,6765
MID-B3H,Delta 7,SBL,14000,405218.7,416147.3,7655.8,90.62,358.0,0.62,0.452,78.1,38.3,,,,
MID-B3H,Delta 7,SBL,14100,405216.5,416247.3,7654.8,90.58,358.0,0.33,-0.041,68.3,28.6,29,412327,10088,7373
MID-B3H,Delta 7,SBL,14200,405214.2,416347.2,7653.7,90.62,358.0,0.22,0.046,98.1,21.2,,,,
MID-B3H,Delta 7,SBL,14300,405210.4,416447.2,7653.0,90.38,358.0,0.41,-0.245,74.2,30.1,30,348857,10499,6966
MID-B3H,Delta 7,SBL,14400,405206.3,416547.1,7652.0,90.59,358.0,0.55,0.209,86.4,20.5,,,,
MID-B3H,Delta 7,SBL,14500,405202.5,416647.0,7652.3,89.81,358.0,0.97,-0.78,77.8,24.8,31,598762,8320,7374
MID-B3H,Delta 7,SBL,14600,405199.5,416747.0,7653.2,89.52,358.0,0.42,-0.291,82.7,22.2,,,,
MID-B3H,Delta 7,SBL,14700,405196.8,416846.9,7653.0,90.13,358.0,0.73,0.611,93.1,38.2,32,557192,11279,6200
MID-B3H,Delta 7,SBL,14800,405191.9,416946.9,7653.7,89.59,358.0,0.87,-0.539,69.2,24.4,,,,
MID-B3H,Delta 7,SBL,14900,405187.8,417046.8,7654.6,89.45,358.0,0.21,-0.136,94.4,34.2,33,587952,8900,7140
MID-B3H,Delta 7,SBL,15000,405183.1,417146.7,7654.7,89.99,358.0,0.73,0.533,97.2,32.9,,,,
MID-B3H,Delta 7,SBL,15100,405180.4,417246.7,7655.0,89.81,358.0,0.38,-0.173,78.6,25.8,34,373765,9691,6982
MID-B3H,Delta 7,SBL,15200,405176.3,417346.6,7654.7,90.18,358.0,0.52,0.366,72.1,28.5,,,,
MID-B3H,Delta 7,SBL,15300,405172.3,417446.5,7654.3,90.2,358.0,0.2,0.025,67.4,31.3,35,354847,11140,7360
MID-B3H,Delta 7,SBL,15400,405170.1,417546.5,7653.5,90.5,358.0,0.63,0.294,92.7,31.0,,,,
MID-B3H,Delta 7,SBL,15500,405165.3,417646.5,7652.5,90.54,358.0,0.27,0.045,88.6,26.3,36,584098,9012,6265
MID-B3H,Delta 7,SBL,15600,405161.5,417746.4,7651.5,90.61,358.0,0.19,0.068,62.4,22.6,,,,
MID-B3H,Delta 7,SBL,15700,405157.4,417846.4,7651.8,89.8,358.0,1.13,-0.812,75.8,25.9,37,401772,9223,7208
MID-B3H,Delta 7,SBL,15800,405153.0,417946.3,7652.0,89.87,358.0,0.35,0.076,92.6,26.6,,,,
MID-B3H,Delta 7,SBL,15900,405150.5,418046.2,7652.4,89.81,358.0,0.1,-0.061,95.2,20.0,38,424490,8888,7069
MID-B3H,Delta 7,SBL,16000,405147.5,418146.2,7652.5,89.92,358.0,0.26,0.111,73.6,39.5,,,,
MID-B3H,Delta 7,SBL,16100,405144.4,418246.1,7651.7,90.44,358.0,0.85,0.514,92.6,38.5,39,392335,9073,6885
MID-B3H,Delta 7,SBL,16200,405139.8,418346.1,7651.9,89.9,358.0,0.82,-0.537,74.5,34.0,,,,
MID-B3H,Delta 7,SBL,16300,405137.0,418446.0,7651.3,90.36,358.0,0.67,0.457,64.4,21.5,40,562998,8631,6125
MID-B3H,Delta 7,SBL,16400,405133.3,418545.9,7651.9,89.65,358.0,0.71,-0.706,72.2,29.7,,,,
MID-B3H,Delta 7,SBL,16500,405131.2,418645.8,7652.3,89.76,358.0,0.12,0.106,69.9,28.4,41,510035,8710,7396
MID-B3H,Delta 7,SBL,16600,405127.9,418745.7,7653.4,89.38,358.0,0.39,-0.384,97.7,22.6,,,,
MID-B3H,Delta 7,SBL,16700,405125.2,418845.7,7654.0,89.65,358.0,0.36,0.273,65.9,23.9,42,460793,9541,6808
MID-B3H,Delta 7,SBL,16800,405122.5,418945.6,7654.1,89.96,358.0,0.64,0.309,86.8,24.0,,,,
MID-B3H,Delta 7,SBL,16900,405119.3,419045.5,7654.9,89.53,358.0,0.46,-0.432,89.7,23.8,43,376644,10167,7474
MID-B3H,Delta 7,SBL,17000,405115.5,419145.4,7656.2,89.24,358.0,0.58,-0.282,98.1,32.9,,,,
MID-B3H,Delta 7,SBL,17100,405111.8,419245.4,7656.5,89.82,358.0,0.61,0.581,80.2,26.5,44,349964,9902,6869
MID-B3H,Delta 7,SBL,17200,405108.3,419345.3,7657.2,89.64,358.0,0.36,-0.186,92.6,23.0,,,,
MID-B3H,Delta 7,SBL,17300,405106.1,419445.2,7656.9,90.13,358.0,0.71,0.489,94.4,27.1,45,536434,9398,7408
MID-B3H,Delta 7,SBL,17400,405101.4,419545.1,7656.7,90.13,358.0,0.28,0.007,72.2,39.1,,,,
MID-B3H,Delta 7,SBL,17500,405098.1,419645.0,7656.4,90.16,358.0,0.26,0.027,81.8,21.9,46,445978,8398,7461
MID-B3H,Delta 7,SBL,17600,405094.1,419745.0,7657.2,89.57,358.0,0.75,-0.594,62.9,23.1,,,,
MID-B3H,Delta 7,SBL,17700,405089.4,419844.9,7657.7,89.73,358.0,0.24,0.161,68.2,32.6,47,539264,11689,7089
MID-B3H,Delta 7,SBL,17800,405086.2,419944.9,7658.7,89.39,358.0,0.69,-0.34,87.9,29.0,,,,
MID-B3H,Delta 7,SBL,17900,405082.3,420044.9,7659.2,89.7,358.0,0.53,0.31,96.7,30.9,48,501406,8860,7427
MID-B3H,Delta 7,SBL,18000,405078.7,420144.8,7660.3,89.41,358.0,0.55,-0.293,62.1,20.5,,,,
MID-B3H,Delta 7,SBL,18100,405076.6,420244.8,7660.3,90.0,358.0,0.85,0.597,87.1,24.1,49,399126,11509,6107
MID-B3H,Delta 7,SBL,18200,405072.3,420344.7,7659.9,90.24,358.0,0.44,0.234,67.7,19.5,,,,
MID-B3H,Delta 7,SBL,18300,405068.2,420444.7,7660.5,89.64,358.0,0.65,-0.6,88.0,32.2,50,392055,11109,6349
MID-B3H,Delta 7,SBL,18400,405065.6,420544.6,7660.7,89.86,358.0,0.22,0.221,65.6,21.2,,,,
MID-B3H,Delta 7,SBL,18500,405062.0,420644.5,7661.1,89.81,358.0,0.18,-0.049,77.5,20.9,51,568028,8337,7341
MID-B3H,Delta 7,SBL,18600,405058.1,420744.4,7660.9,90.08,358.0,0.32,0.271,70.3,28.5,,,,
MID-C1H,Echo 3,WCA,100,406543.6,411431.3,100.0,0.14,6.0,0.23,0.138,30.3,25.7,,,,
MID-C1H,Echo 3,WCA,200,406543.7,411431.9,200.0,0.38,6.0,0.36,0.242,36.1,38.0,,,,
MID-C1H,Echo 3,WCA,300,406543.7,411431.9,300.0,0,6.0,0.71,-0.636,35.8,38.1,,,,
MID-C1H,Echo 3,WCA,400,406543.8,411432.6,400.0,0.37,6.0,0.63,0.374,31.6,37.0,,,,
MID-C1H,Echo 3,WCA,500,406543.9,411433.7,500.0,0.65,6.0,0.51,0.281,44.0,29.5,,,,
MID-C1H,Echo 3,WCA,600,406543.9,411433.7,600.0,0,6.0,0.98,-0.79,35.4,32.2,,,,
MID-C1H,Echo 3,WCA,700,406544.0,411434.3,700.0,0.37,6.0,0.43,0.368,24.9,30.0,,,,
MID-C1H,Echo 3,WCA,800,406544.0,411434.5,800.0,0.09,6.0,0.61,-0.275,34.3,33.0,,,,
MID-C1H,Echo 3,WCA,900,406544.0,411434.7,900.0,0.12,6.0,0.35,0.032,47.1,37.4,,,,
MID-C1H,Echo 3,WCA,1000,406544.0,411434.7,1000.0,0,6.0,0.59,-0.446,38.4,34.6,,,,
MID-C1H,Echo 3,WCA,1100,406544.0,411435.0,1100.0,0.14,6.0,0.24,0.139,49.7,37.6,,,,
MID-C1H,Echo 3,WCA,1200,406544.1,411435.8,1200.0,0.51,6.0,0.53,0.372,46.8,21.6,,,,
MID-C1H,Echo 3,WCA,1300,406544.2,411436.7,1300.0,0.51,6.0,0.2,0.003,38.9,23.7,,,,
MID-C1H,Echo 3,WCA,1400,406544.2,411436.7,1400.0,0,6.0,0.79,-0.769,39.8,35.7,,,,
MID-C1H,Echo 3,WCA,1500,406544.2,411436.7,1500.0,0,6.0,0.18,-0.008,40.8,21.6,,,,
MID-C1H,Echo 3,WCA,1600,406544.2,411436.7,1600.0,0,6.0,0.55,-0.244,41.0,28.4,,,,
MID-C1H,Echo 3,WCA,1700,406544.2,411436.7,1700.0,0,6.0,0.23,-0.232,25.8,22.0,,,,
MID-C1H,Echo 3,WCA,1800,406544.3,411437.4,1800.0,0.4,6.0,0.64,0.404,27.4,27.0,,,,
MID-C1H,Echo 3,WCA,1900,406544.4,411438.3,1900.0,0.51,6.0,0.42,0.11,48.0,26.3,,,,
MID-C1H,Echo 3,WCA,2000,406544.5,411439.4,2000.0,0.63,6.0,0.38,0.117,31.6,30.3,,,,
MID-C1H,Echo 3,WCA,2100,406544.5,411439.9,2100.0,0.29,6.0,0.52,-0.344,26.0,36.7,,,,
MID-C1H,Echo 3,WCA,2200,406544.6,411440.2,2200.0,0.18,6.0,0.39,-0.108,45.9,22.1,,,,
MID-C1H,Echo 3,WCA,2300,406544.6,411440.3,2300.0,0.04,6.0,0.43,-0.143,37.9,18.4,,,,
MID-C1H,Echo 3,WCA,2400,406544.7,411440.9,2400.0,0.37,6.0,0.42,0.333,44.1,21.0,,,,
MID-C1H,Echo 3,WCA,2500,406544.8,411442.2,2500.0,0.71,6.0,0.58,0.345,46.1,30.8,,,,
MID-C1H,Echo 3,WCA,2600,406544.9,411443.0,2600.0,0.45,6.0,0.32,-0.264,40.2,28.3,,,,
MID-C1H,Echo 3,WCA,2700,406545.0,411444.0,2699.9,0.62,6.0,0.18,0.173,33.8,27.1,,,,
MID-C1H,Echo 3,WCA,2800,406545.0,411444.0,2799.9,0,6.0,0.84,-0.647,33.8,39.5,,,,
MID-C1H,Echo 3,WCA,2900,406545.0,411444.3,2899.9,0.13,6.0,0.33,0.128,46.2,20.8,,,,
MID-C1H,Echo 3,WCA,3000,406545.0,411444.4,2999.9,0.08,6.0,0.21,-0.046,41.1,31.2,,,,
MID-C1H,Echo 3,WCA,3100,406545.0,411444.4,3099.9,0,6.0,0.54,-0.362,30.1,27.0,,,,
MID-C1H,Echo 3,WCA,3200,406545.1,411444.6,3199.9,0.1,6.0,0.15,0.095,28.0,38.7,,,,
MID-C1H,Echo 3,WCA,3300,406545.1,411444.7,3299.9,0.07,6.0,0.18,-0.029,29.6,36.9,,,,
MID-C1H,Echo 3,WCA,3400,406545.1,411444.8,3399.9,0.06,6.0,0.16,-0.001,42.1,20.9,,,,
MID-C1H,Echo 3,WCA,3500,406545.1,411444.8,3499.9,0,6.0,0.27,-0.176,29.4,21.9,,,,
MID-C1H,Echo 3,WCA,3600,406545.1,411445.2,3599.9,0.21,6.0,0.4,0.207,37.8,35.9,,,,
MID-C1H,Echo 3,WCA,3700,406545.2,411445.7,3699.9,0.3,6.0,0.29,0.097,41.1,19.9,,,,
MID-C1H,Echo 3,WCA,3800,406545.3,411446.7,3799.9,0.61,6.0,0.49,0.303,30.7,31.2,,,,
MID-C1H,Echo 3,WCA,3900,406545.4,411447.6,3899.9,0.51,6.0,0.14,-0.098,24.7,26.0,,,,
MID-C1H,Echo 3,WCA,4000,406545.4,411447.6,3999.9,0,6.0,0.92,-0.579,32.1,19.4,,,,
MID-C1H,Echo 3,WCA,4100,406545.4,411447.6,4099.9,0,6.0,0.5,-0.489,49.4,26.3,,,,
MID-C1H,Echo 3,WCA,4200,406545.4,411447.9,4199.9,0.15,6.0,0.44,0.152,35.0,23.8,,,,
MID-C1H,Echo 3,WCA,4300,406545.4,411447.9,4299.9,0,6.0,0.78,-0.617,30.5,29.1,,,,
MID-C1H,Echo 3,WCA,4400,406545.5,411448.6,4399.9,0.4,6.0,0.56,0.401,39.4,32.1,,,,
MID-C1H,Echo 3,WCA,4500,406545.5,411448.6,4499.9,0,6.0,0.73,-0.554,48.4,37.0,,,,
MID-C1H,Echo 3,WCA,4600,406545.5,411448.6,4599.9,0,6.0,0.56,-0.447,43.6,27.0,,,,
MID-C1H,Echo 3,WCA,4700,406545.5,411448.9,4699.9,0.18,6.0,0.48,0.178,40.9,18.1,,,,
MID-C1H,Echo 3,WCA,4800,406545.5,411448.9,4799.9,0,6.0,0.71,-0.547,37.1,29.6,,,,
MID-C1H,Echo 3,WCA,4900,406545.6,411449.4,4899.9,0.27,6.0,0.52,0.266,45.6,30.8,,,,
MID-C1H,Echo 3,WCA,5000,406545.6,411449.4,4999.9,0,6.0,0.68,-0.404,43.4,28.4,,,,
MID-C1H,Echo 3,WCA,5100,406545.6,411449.7,5099.9,0.21,6.0,0.34,0.207,34.9,19.7,,,,
MID-C1H,Echo 3,WCA,5200,406545.6,411449.7,5199.9,0,6.0,0.42,-0.215,30.0,30.0,,,,
MID-C1H,Echo 3,WCA,5300,406545.6,411449.7,5299.9,0,6.0,0.39,-0.351,36.0,19.0,,,,
MID-C1H,Echo 3,WCA,5400,406545.6,411449.7,5399.9,0,6.0,0.42,-0.345,48.2,29.6,,,,
MID-C1H,Echo 3,WCA,5500,406545.6,411449.7,5499.9,0,6.0,0.58,-0.475,38.1,39.2,,,,
MID-C1H,Echo 3,WCA,5600,406545.6,411449.7,5599.9,0,6.0,0.36,-0.313,27.7,18.4,,,,
MID-C1H,Echo 3,WCA,5700,406545.6,411449.7,5699.9,0,6.0,0.68,-0.493,25.9,26.2,,,,
MID-C1H,Echo 3,WCA,5800,406545.7,411450.5,5799.9,0.47,6.0,0.64,0.465,45.6,23.2,,,,
MID-C1H,Echo 3,WCA,5900,406545.7,411450.5,5899.9,0,6.0,0.76,-0.591,24.7,34.5,,,,
MID-C1H,Echo 3,WCA,6000,406545.7,411450.5,5999.9,0,6.0,0.57,-0.529,32.7,36.9,,,,
MID-C1H,Echo 3,WCA,6100,406545.7,411450.5,6099.9,0,6.0,0.36,-0.124,47.8,28.7,,,,
MID-C1H,Echo 3,WCA,6200,406545.8,411451.4,6199.9,0.51,6.0,0.84,0.515,31.0,28.7,,,,
MID-C1H,Echo 3,WCA,6300,406546.0,411452.6,6299.9,0.69,6.0,0.18,0.178,37.0,37.5,,,,
MID-C1H,Echo 3,WCA,6400,406546.0,411453.1,6399.9,0.27,6.0,0.47,-0.427,29.7,34.1,,,,
MID-C1H,Echo 3,WCA,6500,406546.0,411453.4,6499.9,0.16,6.0,0.18,-0.108,44.3,36.9,,,,
MID-C1H,Echo 3,WCA,6600,406546.4,411457.3,6599.8,2.3,6.0,2.18,2.139,26.4,39.6,,,,
MID-C1H,Echo 3,WCA,6700,406547.5,411466.3,6699.4,5.18,6.0,3.23,2.887,30.9,30.3,,,,
MID-C1H,Echo 3,WCA,6800,406548.9,411481.7,6798.2,8.86,6.0,3.95,3.676,49.1,27.3,,,,
MID-C1H,Echo 3,WCA,6900,406551.3,411503.7,6895.7,12.81,6.0,4.22,3.951,34.5,35.7,,,,
MID-C1H,Echo 3,WCA,7000,406554.5,411532.4,6991.5,16.77,6.0,4.01,3.959,47.3,21.0,,,,
MID-C1H,Echo 3,WCA,7100,406558.1,411568.8,7084.6,21.45,6.0,4.95,4.677,29.0,29.7,,,,
MID-C1H,Echo 3,WCA,7200,406562.4,411611.5,7174.9,25.44,6.0,4.17,3.992,34.2,25.5,,,,
MID-C1H,Echo 3,WCA,7300,406567.9,411661.4,7261.4,30.09,6.0,4.94,4.654,33.0,28.0,,,,
MID-C1H,Echo 3,WCA,7400,406574.0,411716.9,7344.4,33.93,6.0,3.9,3.834,35.4,38.5,,,,
MID-C1H,Echo 3,WCA,7500,406580.2,411778.5,7422.8,38.35,6.0,4.64,4.426,38.0,18.0,,,,
MID-C1H,Echo 3,WCA,7600,406586.5,411845.1,7497.0,42.06,6.0,4.03,3.705,26.9,30.5,,,,
MID-C1H,Echo 3,WCA,7700,406595.1,411917.4,7565.7,46.64,6.0,4.72,4.585,45.9,39.2,,,,
MID-C1H,Echo 3,WCA,7800,406603.0,411993.7,7629.7,50.22,6.0,3.61,3.581,29.7,19.4,,,,
MID-C1H,Echo 3,WCA,7900,406610.3,412074.6,7687.8,54.47,6.0,4.37,4.247,42.1,20.3,,,,
MID-C1H,Echo 3,WCA,8000,406618.2,412159.7,7739.6,58.78,6.0,4.49,4.315,29.5,33.5,,,,
MID-C1H,Echo 3,WCA,8100,406627.9,412248.3,7784.8,63.15,6.0,4.55,4.364,40.9,37.5,,,,
MID-C1H,Echo 3,WCA,8200,406636.6,412339.8,7824.0,66.89,6.0,3.87,3.745,33.6,22.0,,,,
MID-C1H,Echo 3,WCA,8300,406646.9,412433.9,7856.2,71.24,6.0,4.42,4.347,29.8,30.9,,,,
MID-C1H,Echo 3,WCA,8400,406658.5,412530.1,7881.7,75.22,6.0,4.18,3.983,36.5,32.4,,,,
MID-C1H,Echo 3,WCA,8500,406669.4,412627.8,7900.9,78.92,6.0,3.8,3.694,41.4,22.0,,,,
MID-C1H,Echo 3,WCA,8600,406679.7,412726.5,7912.3,83.45,6.0,4.77,4.536,32.5,35.4,,,,
MID-C1H,Echo 3,WCA,8700,406690.6,412825.9,7917.0,87.3,6.0,4.13,3.851,84.1,33.2,1,599147,10180,6238
MID-C1H,Echo 3,WCA,8800,406700.3,412925.2,7918.5,89.12,6.0,2.11,1.819,79.7,29.2,,,,
MID-C1H,Echo 3,WCA,8900,406711.0,413024.8,7918.9,89.81,6.0,0.99,0.689,82.6,20.0,2,363120,9555,6320
MID-C1H,Echo 3,WCA,9000,406721.1,413124.3,7919.1,89.87,6.0,0.15,0.058,63.5,18.1,,,,
MID-C1H,Echo 3,WCA,9100,406730.6,413223.6,7918.7,90.22,6.0,0.46,0.347,78.2,39.7,3,513777,10764,6553
MID-C1H,Echo 3,WCA,9200,406739.6,413323.1,7918.3,90.25,6.0,0.13,0.031,99.2,33.8,,,,
MID-C1H,Echo 3,WCA,9300,406751.0,413422.6,7918.7,89.75,6.0,0.59,-0.501,87.8,32.8,4,561706,11273,7266
MID-C1H,Echo 3,WCA,9400,406762.1,413522.1,7919.4,89.62,6.0,0.17,-0.132,81.4,27.6,,,,
MID-C1H,Echo 3,WCA,9500,406773.8,413621.5,7919.9,89.73,6.0,0.33,0.115,69.3,24.6,5,564992,11671,6525
MID-C1H,Echo 3,WCA,9600,406785.4,413721.0,7919.6,90.16,6.0,0.56,0.432,69.5,27.7,,,,
MID-C1H,Echo 3,WCA,9700,406796.4,413820.5,7918.7,90.49,6.0,0.45,0.332,81.8,18.4,6,549439,9231,6914
MID-C1H,Echo 3,WCA,9800,406805.7,413919.8,7918.7,89.99,6.0,0.54,-0.506,80.4,22.0,,,,
MID-C1H,Echo 3,WCA,9900,406815.7,414019.4,7918.0,90.43,6.0,0.71,0.444,84.6,24.6,7,596819,10388,6722
MID-C1H,Echo 3,WCA,10000,406826.9,414118.8,7917.8,90.12,6.0,0.35,-0.311,69.8,31.0,,,,
MID-C1H,Echo 3,WCA,10100,406836.5,414218.2,7917.7,90.07,6.0,0.27,-0.052,94.8,37.5,8,478020,11607,6678
MID-C1H,Echo 3,WCA,10200,406845.9,414317.7,7918.3,89.62,6.0,0.7,-0.453,65.9,21.8,,,,
MID-C1H,Echo 3,WCA,10300,406856.8,414417.1,7917.7,90.36,6.0,0.99,0.746,91.1,35.2,9,414079,11213,7434
MID-C1H,Echo 3,WCA,10400,406868.4,414516.4,7918.2,89.7,6.0,0.83,-0.664,62.7,23.1,,,,
MID-C1H,Echo 3,WCA,10500,406879.6,414615.8,7919.2,89.42,6.0,0.53,-0.278,98.8,30.7,10,502089,8830,6656
MID-C1H,Echo 3,WCA,10600,406891.3,414715.1,7919.9,89.6,6.0,0.47,0.175,87.5,32.6,,,,
MID-C1H,Echo 3,WCA,10700,406902.7,414814.6,7919.8,90.1,6.0,0.54,0.501,72.8,37.0,11,516094,11522,6599
MID-C1H,Echo 3,WCA,10800,406912.2,414914.1,7920.6,89.52,6.0,0.86,-0.579,99.8,25.5,,,,
MID-C1H,Echo 3,WCA,10900,406922.6,415013.6,7920.5,90.05,6.0,0.84,0.529,62.9,18.9,12,504881,10552,7363
MID-C1H,Echo 3,WCA,11000,406932.3,415113.2,7920.3,90.12,6.0,0.24,0.076,98.9,23.5,,,,
MID-C1H,Echo 3,WCA,11100,406943.1,415212.7,7920.7,89.81,6.0,0.63,-0.314,63.5,28.7,13,391873,10418,7006
MID-C1H,Echo 3,WCA,11200,406953.6,415312.2,7920.5,90.09,6.0,0.37,0.284,90.2,32.0,,,,
MID-C1H,Echo 3,WCA,11300,406965.5,415411.8,7920.2,90.18,6.0,0.3,0.09,96.9,31.8,14,554593,10753,6225
MID-C1H,Echo 3,WCA,11400,406977.1,415511.3,7919.1,90.62,6.0,0.58,0.441,94.7,30.3,,,,
MID-C1H,Echo 3,WCA,11500,406987.0,415610.8,7918.5,90.34,6.0,0.56,-0.284,94.4,21.3,15,450554,9077,7229
MID-C1H,Echo 3,WCA,11600,406997.3,415710.2,7918.9,89.75,6.0,0.68,-0.591,66.8,25.8,,,,
MID-C1H,Echo 3,WCA,11700,407007.7,415809.7,7918.5,90.28,6.0,0.63,0.531,77.6,25.3,16,508736,9911,6399
MID-C1H,Echo 3,WCA,11800,407018.1,415909.0,7918.7,89.87,6.0,0.73,-0.408,70.7,38.2,,,,
MID-C1H,Echo 3,WCA,11900,407030.0,416008.5,7918.3,90.22,6.0,0.58,0.348,71.2,34.6,17,384431,8687,6294
MID-C1H,Echo 3,WCA,12000,407041.5,416108.0,7918.8,89.7,6.0,0.57,-0.521,80.9,18.4,,,,
MID-C1H,Echo 3,WCA,12100,407052.4,416207.6,7918.8,90.01,6.0,0.48,0.316,88.3,22.1,18,445057,8259,6670
MID-C1H,Echo 3,WCA,12200,407063.6,416307.0,7919.7,89.49,6.0,0.61,-0.519,70.3,22.4,,,,
MID-C1H,Echo 3,WCA,12300,407074.5,416406.4,7920.4,89.62,6.0,0.36,0.126,93.6,39.4,19,597960,8318,6284
MID-C1H,Echo 3,WCA,12400,407084.6,416506.0,7920.8,89.74,6.0,0.22,0.117,83.4,22.6,,,,
MID-C1H,Echo 3,WCA,12500,407096.1,416605.5,7921.9,89.37,6.0,0.4,-0.364,64.3,36.5,20,363110,11592,6873
MID-C1H,Echo 3,WCA,12600,407106.6,416705.0,7922.7,89.56,6.0,0.41,0.191,82.6,20.0,,,,
MID-C1H,Echo 3,WCA,12700,407116.7,416804.4,7923.2,89.68,6.0,0.36,0.12,87.2,20.6,21,535561,9884,7093
MID-C1H,Echo 3,WCA,12800,407127.8,416903.9,7923.2,90.01,6.0,0.66,0.329,97.3,18.2,,,,
MID-C1H,Echo 3,WCA,12900,407137.3,417003.5,7923.7,89.69,6.0,0.54,-0.321,96.5,35.3,22,423321,10048,7272
MID-C1H,Echo 3,WCA,13000,407146.3,417103.1,7924.1,89.8,6.0,0.37,0.107,84.8,23.8,,,,
MID-C1H,Echo 3,WCA,13100,407156.0,417202.4,7923.3,90.45,6.0,0.9,0.654,64.7,21.5,23,522319,8293,7157
MID-C1H,Echo 3,WCA,13200,407167.3,417301.8,7922.6,90.42,6.0,0.16,-0.037,77.5,20.0,,,,
MID-C1H,Echo 3,WCA,13300,407177.1,417401.3,7922.8,89.9,6.0,0.61,-0.52,95.4,32.2,24,396693,11302,7455
MID-C1H,Echo 3,WCA,13400,407188.4,417500.8,7923.2,89.73,6.0,0.24,-0.165,95.2,39.6,,,,
MID-C1H,Echo 3,WCA,13500,407199.4,417600.3,7923.6,89.77,6.0,0.37,0.036,84.8,24.8,25,522474,11074,6117
MID-C1H,Echo 3,WCA,13600,407210.2,417699.8,7923.4,90.15,6.0,0.44,0.385,67.6,21.6,,,,
MID-C1H,Echo 3,WCA,13700,407221.3,417799.1,7923.3,90.02,6.0,0.38,-0.131,80.6,23.3,26,486561,9315,6280
MID-C1H,Echo 3,WCA,13800,407230.4,417898.5,7924.0,89.64,6.0,0.4,-0.381,69.4,36.3,,,,
MID-C1H,Echo 3,WCA,13900,407240.6,417998.1,7923.9,90.03,6.0,0.53,0.39,69.9,38.6,27,413803,8515,6678
MID-C1H,Echo 3,WCA,14000,407251.2,418097.5,7923.2,90.39,6.0,0.42,0.361,95.9,19.7,,,,
MID-C1H,Echo 3,WCA,14100,407260.5,418196.9,7922.4,90.5,6.0,0.43,0.111,77.2,22.4,28,415631,11683,7350
MID-C1H,Echo 3,WCA,14200,407271.0,418296.4,7921.2,90.7,6.0,0.36,0.2,91.2,32.1,,,,
MID-C1H,Echo 3,WCA,14300,407280.2,418396.0,7921.5,89.79,6.0,1.17,-0.914,64.1,22.8,29,407334,8476,6416
MID-C1H,Echo 3,WCA,14400,407290.1,418495.3,7921.4,90.06,6.0,0.4,0.278,71.3,21.9,,,,
MID-C1H,Echo 3,WCA,14500,407300.5,418594.6,7920.9,90.31,6.0,0.37,0.24,79.0,18.3,30,548161,8903,7363
MID-C1H,Echo 3,WCA,14600,407309.6,418694.2,7919.9,90.59,6.0,0.37,0.282,89.6,38.8,,,,
MID-C1H,Echo 3,WCA,14700,407320.3,418793.6,7919.9,89.98,6.0,0.89,-0.607,91.6,27.7,31,353706,10786,6987
MID-C1H,Echo 3,WCA,14800,407330.3,418893.1,7920.2,89.81,6.0,0.43,-0.173,96.4,21.3,,,,
MID-C1H,Echo 3,WCA,14900,407341.3,418992.4,7920.4,89.89,6.0,0.15,0.086,86.1,33.6,32,365805,8653,6138
MID-C1H,Echo 3,WCA,15000,407353.1,419091.7,7921.4,89.42,6.0,0.76,-0.469,97.7,35.5,,,,
MID-C1H,Echo 3,WCA,15100,407362.7,419191.2,7921.1,90.16,6.0,0.79,0.733,74.2,31.0,33,487523,8953,6612
MID-C1H,Echo 3,WCA,15200,407373.0,419290.8,7921.9,89.59,6.0,0.75,-0.567,82.3,31.4,,,,
MID-C1H,Echo 3,WCA,15300,407382.8,419390.4,7921.5,90.18,6.0,0.9,0.587,67.6,34.2,34,476485,9754,7494
MID-C1H,Echo 3,WCA,15400,407393.7,419490.0,7921.9,89.83,6.0,0.69,-0.352,81.9,21.6,,,,
MID-C1H,Echo 3,WCA,15500,407403.8,419589.5,7922.8,89.45,6.0,0.7,-0.376,94.1,27.7,35,553071,11558,6324
MID-C1H,Echo 3,WCA,15600,407413.8,419689.0,7923.6,89.57,6.0,0.45,0.122,65.3,25.8,,,,
MID-C1H,Echo 3,WCA,15700,407424.4,419788.4,7923.6,89.96,6.0,0.45,0.386,63.4,25.6,36,350120,9572,6245
MID-C1H,Echo 3,WCA,15800,407435.1,419887.7,7923.3,90.18,6.0,0.36,0.224,89.3,23.9,,,,
MID-C1H,Echo 3,WCA,15900,407445.8,419987.1,7922.3,90.58,6.0,0.66,0.398,68.9,26.0,37,349715,8892,6414
MID-C1H,Echo 3,WCA,16000,407455.4,420086.5,7922.1,90.11,6.0,0.56,-0.474,70.0,24.1,,,,
MID-C1H,Echo 3,WCA,16100,407465.5,420186.0,7921.4,90.44,6.0,0.54,0.332,97.0,26.7,38,378877,9216,7047
MID-C1H,Echo 3,WCA,16200,407475.7,420285.4,7920.9,90.26,6.0,0.44,-0.178,89.6,37.8,,,,
MID-C1H,Echo 3,WCA,16300,407487.3,420384.7,7920.9,90.03,6.0,0.46,-0.226,62.3,36.7,39,568233,8588,6248
MID-C1H,Echo 3,WCA,16400,407499.1,420484.1,7921.7,89.5,6.0,0.71,-0.531,70.9,38.1,,,,
MID-C1H,Echo 3,WCA,16500,407509.3,420583.6,7921.4,90.17,6.0,0.91,0.665,74.2,27.2,40,380342,8201,6754
MID-C1H,Echo 3,WCA,16600,407518.5,420683.1,7921.3,90.08,6.0,0.27,-0.09,75.3,31.3,,,,
MID-C1H,Echo 3,WCA,16700,407527.6,420782.5,7920.8,90.26,6.0,0.48,0.184,95.2,33.2,41,421439,8248,6239
MID-C1H,Echo 3,WCA,16800,407538.5,420881.9,7920.4,90.23,6.0,0.08,-0.03,71.7,37.6,,,,
MID-C1H,Echo 3,WCA,16900,407548.5,420981.3,7921.2,89.58,6.0,0.76,-0.656,95.6,28.7,42,570575,9770,6602
MID-C1H,Echo 3,WCA,17000,407558.4,421080.8,7921.8,89.65,6.0,0.1,0.073,86.2,34.4,,,,
MID-C1H,Echo 3,WCA,17100,407568.5,421180.3,7923.0,89.31,6.0,0.63,-0.341,84.6,39.9,43,598818,9197,6689
MID-C1H,Echo 3,WCA,17200,407579.3,421279.7,7923.8,89.56,6.0,0.31,0.256,79.4,23.5,,,,
MID-C1H,Echo 3,WCA,17300,407589.2,421379.3,7923.4,90.18,6.0,0.7,0.618,67.8,20.7,44,547138,10952,6194
MID-C2H,Echo 3,AVU,100,407200.0,411500.0,100.0,0.02,6.0,0.17,0.016,27.9,37.4,,,,
MID-C2H,Echo 3,AVU,200,407200.1,411500.9,200.0,0.49,6.0,0.63,0.476,25.6,34.1,,,,
MID-C2H,Echo 3,AVU,300,407200.1,411500.9,300.0,0,6.0,0.65,-0.594,43.4,29.5,,,,
MID-C2H,Echo 3,AVU,400,407200.1,411500.9,400.0,0,6.0,0.78,-0.525,32.6,34.9,,,,
MID-C2H,Echo 3,AVU,500,407200.1,411500.9,500.0,0,6.0,0.12,-0.099,49.2,29.8,,,,
MID-C2H,Echo 3,AVU,600,407200.1,411501.3,600.0,0.24,6.0,0.39,0.236,46.3,36.9,,,,
MID-C2H,Echo 3,AVU,700,407200.1,411501.3,700.0,0,6.0,0.94,-0.627,42.7,33.2,,,,
MID-C2H,Echo 3,AVU,800,407200.1,411501.3,800.0,0,6.0,0.71,-0.535,39.9,20.1,,,,
MID-C2H,Echo 3,AVU,900,407200.1,411501.3,900.0,0,6.0,0.34,-0.062,30.4,37.1,,,,
MID-C2H,Echo 3,AVU,1000,407200.2,411502.0,1000.0,0.43,6.0,0.72,0.431,34.5,28.1,,,,
MID-C2H,Echo 3,AVU,1100,407200.2,411502.0,1100.0,0,6.0,0.6,-0.573,43.4,21.1,,,,
MID-C2H,Echo 3,AVU,1200,407200.3,411502.6,1200.0,0.33,6.0,0.56,0.326,45.5,34.0,,,,
MID-C2H,Echo 3,AVU,1300,407200.3,411502.6,1300.0,0,6.0,0.93,-0.622,30.7,25.9,,,,
MID-C2H,Echo 3,AVU,1400,407200.3,411503.0,1400.0,0.22,6.0,0.28,0.223,28.3,27.3,,,,
MID-C2H,Echo 3,AVU,1500,407200.4,411503.8,1500.0,0.45,6.0,0.45,0.231,36.9,28.4,,,,
MID-C2H,Echo 3,AVU,1600,407200.5,411504.7,1600.0,0.54,6.0,0.38,0.089,44.4,38.9,,,,
MID-C2H,Echo 3,AVU,1700,407200.6,411505.9,1700.0,0.65,6.0,0.28,0.109,27.8,24.0,,,,
MID-C2H,Echo 3,AVU,1800,407200.6,411505.9,1800.0,0,6.0,0.71,-0.678,46.1,24.7,,,,
MID-C2H,Echo 3,AVU,1900,407200.6,411506.3,1900.0,0.28,6.0,0.59,0.284,27.4,29.1,,,,
MID-C2H,Echo 3,AVU,2000,407200.7,411507.3,2000.0,0.55,6.0,0.32,0.271,47.6,39.4,,,,
MID-C2H,Echo 3,AVU,2100,407200.7,411507.3,2100.0,0,6.0,0.92,-0.825,49.6,29.1,,,,
MID-C2H,Echo 3,AVU,2200,407200.7,411507.3,2200.0,0,6.0,0.74,-0.512,46.2,23.9,,,,
MID-C2H,Echo 3,AVU,2300,407200.7,411507.4,2300.0,0.05,6.0,0.31,0.047,47.7,38.3,,,,
MID-C2H,Echo 3,AVU,2400,407200.8,411508.0,2400.0,0.37,6.0,0.67,0.324,24.9,31.8,,,,
MID-C2H,Echo 3,AVU,2500,407200.8,411508.0,2500.0,0.01,6.0,0.7,-0.365,35.3,34.8,,,,
MID-C2H,Echo 3,AVU,2600,407200.8,411508.0,2600.0,0,6.0,0.5,-0.338,32.7,31.6,,,,
MID-C2H,Echo 3,AVU,2700,407200.8,411508.0,2700.0,0,6.0,0.09,-0.044,35.2,29.1,,,,
MID-C2H,Echo 3,AVU,2800,407200.8,411508.0,2800.0,0,6.0,0.51,-0.248,34.2,39.3,,,,
MID-C2H,Echo 3,AVU,2900,407200.8,411508.0,2900.0,0,6.0,0.28,-0.13,48.8,36.9,,,,
MID-C2H,Echo 3,AVU,3000,407200.8,411508.0,3000.0,0,6.0,0.41,-0.273,35.4,39.5,,,,
MID-C2H,Echo 3,AVU,3100,407200.8,411508.3,3100.0,0.15,6.0,0.33,0.153,45.5,27.1,,,,
MID-C2H,Echo 3,AVU,3200,407200.8,411508.3,3200.0,0,6.0,0.39,-0.305,36.3,28.2,,,,
MID-C2H,Echo 3,AVU,3300,407200.9,411508.8,3300.0,0.27,6.0,0.61,0.27,44.8,22.4,,,,
MID-C2H,Echo 3,AVU,3400,407200.9,411508.8,3400.0,0,6.0,0.99,-0.679,35.2,37.5,,,,
MID-C2H,Echo 3,AVU,3500,407200.9,411508.8,3500.0,0,6.0,0.19,-0.079,39.5,22.8,,,,
MID-C2H,Echo 3,AVU,3600,407200.9,411508.8,3600.0,0,6.0,0.53,-0.277,42.0,37.5,,,,
MID-C2H,Echo 3,AVU,3700,407200.9,411508.8,3700.0,0,6.0,0.63,-0.416,44.5,33.2,,,,
MID-C2H,Echo 3,AVU,3800,407200.9,411508.8,3800.0,0,6.0,0.22,-0.157,31.8,27.7,,,,
MID-C2H,Echo 3,AVU,3900,407200.9,411509.1,3900.0,0.2,6.0,0.54,0.199,36.6,30.7,,,,
MID-C2H,Echo 3,AVU,4000,407200.9,411509.1,4000.0,0,6.0,0.7,-0.431,34.9,18.2,,,,
MID-C2H,Echo 3,AVU,4100,407201.0,411510.0,4100.0,0.51,6.0,0.77,0.511,41.2,22.5,,,,
MID-C2H,Echo 3,AVU,4200,407201.1,411511.2,4200.0,0.71,6.0,0.47,0.201,26.7,28.7,,,,
MID-C2H,Echo 3,AVU,4300,407201.2,411512.0,4300.0,0.44,6.0,0.49,-0.272,33.5,34.1,,,,
MID-C2H,Echo 3,AVU,4400,407201.2,411512.0,4400.0,0,6.0,0.77,-0.551,47.3,27.4,,,,
MID-C2H,Echo 3,AVU,4500,407201.3,411512.7,4499.9,0.42,6.0,0.61,0.422,41.7,35.9,,,,
MID-C2H,Echo 3,AVU,4600,407201.3,411512.7,4599.9,0,6.0,0.57,-0.431,44.7,20.4,,,,
MID-C2H,Echo 3,AVU,4700,407201.3,411512.7,4699.9,0,6.0,0.57,-0.547,37.5,18.1,,,,
MID-C2H,Echo 3,AVU,4800,407201.4,411513.7,4799.9,0.55,6.0,0.82,0.546,30.5,21.3,,,,
MID-C2H,Echo 3,AVU,4900,407201.4,411514.4,4899.9,0.43,6.0,0.42,-0.113,39.2,23.1,,,,
MID-C2H,Echo 3,AVU,5000,407201.5,411515.1,4999.9,0.38,6.0,0.22,-0.052,43.1,18.5,,,,
MID-C2H,Echo 3,AVU,5100,407201.6,411516.0,5099.9,0.51,6.0,0.21,0.125,44.0,34.5,,,,
MID-C2H,Echo 3,AVU,5200,407201.7,411517.2,5199.9,0.71,6.0,0.25,0.204,30.6,31.4,,,,
MID-C2H,Echo 3,AVU,5300,407201.8,411518.1,5299.9,0.49,6.0,0.31,-0.217,26.4,21.2,,,,
MID-C2H,Echo 3,AVU,5400,407201.9,411519.2,5399.9,0.67,6.0,0.39,0.175,29.0,20.5,,,,
MID-C2H,Echo 3,AVU,5500,407201.9,411519.2,5499.9,0,6.0,1.02,-0.873,41.1,28.9,,,,
MID-C2H,Echo 3,AVU,5600,407201.9,411519.2,5599.9,0,6.0,0.67,-0.379,46.4,26.0,,,,
MID-C2H,Echo 3,AVU,5700,407202.0,411520.0,5699.9,0.42,6.0,0.67,0.422,28.8,20.5,,,,
MID-C2H,Echo 3,AVU,5800,407202.0,411520.0,5799.9,0,6.0,0.67,-0.466,44.7,35.5,,,,
MID-C2H,Echo 3,AVU,5900,407202.1,411520.4,5899.9,0.27,6.0,0.5,0.271,43.7,35.8,,,,
MID-C2H,Echo 3,AVU,6000,407202.1,411520.4,5999.9,0,6.0,0.79,-0.587,38.7,38.5,,,,
MID-C2H,Echo 3,AVU,6100,407202.1,411521.0,6099.9,0.32,6.0,0.53,0.317,39.9,33.5,,,,
MID-C2H,Echo 3,AVU,6200,407202.2,411521.8,6199.9,0.47,6.0,0.38,0.152,46.7,39.3,,,,
MID-C2H,Echo 3,AVU,6300,407202.2,411521.8,6299.9,0,6.0,0.88,-0.79,26.9,27.7,,,,
MID-C2H,Echo 3,AVU,6400,407202.2,411521.8,6399.9,0,6.0,0.59,-0.274,41.1,27.3,,,,
MID-C2H,Echo 3,AVU,6500,407202.4,411523.8,6499.9,1.15,6.0,1.43,1.147,39.2,38.6,,,,
MID-C2H,Echo 3,AVU,6600,407203.2,411531.6,6599.6,4.5,6.0,3.52,3.354,34.0,25.2,,,,
MID-C2H,Echo 3,AVU,6700,407204.7,411545.7,6698.6,8.18,6.0,3.77,3.677,35.7,31.1,,,,
MID-C2H,Echo 3,AVU,6800,407206.6,411565.6,6796.5,11.54,6.0,3.48,3.357,26.1,35.7,,,,
MID-C2H,Echo 3,AVU,6900,407209.3,411592.3,6892.9,15.56,6.0,4.36,4.022,35.2,22.7,,,,
MID-C2H,Echo 3,AVU,7000,407212.5,411626.4,6986.8,20.12,6.0,4.61,4.561,25.6,37.2,,,,
MID-C2H,Echo 3,AVU,7100,407217.1,411666.1,7078.4,23.56,6.0,3.78,3.437,26.4,39.5,,,,
MID-C2H,Echo 3,AVU,7200,407222.1,411712.6,7166.9,27.83,6.0,4.44,4.278,45.5,33.0,,,,
MID-C2H,Echo 3,AVU,7300,407228.3,411764.5,7252.1,31.49,6.0,3.95,3.661,44.2,24.7,,,,
MID-C2H,Echo 3,AVU,7400,407234.6,411823.3,7332.7,36.32,6.0,4.84,4.824,28.5,21.6,,,,
MID-C2H,Echo 3,AVU,7500,407241.2,411887.6,7408.9,40.33,6.0,4.31,4.015,40.9,23.5,,,,
MID-C2H,Echo 3,AVU,7600,407248.7,411957.6,7480.0,44.72,6.0,4.42,4.388,42.0,25.5,,,,
MID-C2H,Echo 3,AVU,7700,407256.1,412032.5,7545.6,48.97,6.0,4.38,4.248,41.0,28.6,,,,
MID-C2H,Echo 3,AVU,7800,407264.5,412111.1,7606.9,52.26,6.0,3.61,3.286,42.4,37.8,,,,
MID-C2H,Echo 3,AVU,7900,407272.8,412194.1,7662.1,56.47,6.0,4.51,4.215,24.9,27.9,,,,
MID-C2H,Echo 3,AVU,8000,407282.0,412280.9,7711.2,60.6,6.0,4.31,4.125,43.0,24.8,,,,
MID-C2H,Echo 3,AVU,8100,407292.2,412370.9,7754.0,64.69,6.0,4.28,4.091,45.5,39.9,,,,
MID-C2H,Echo 3,AVU,8200,407301.8,412463.9,7789.6,69.13,6.0,4.74,4.447,30.5,30.6,,,,
MID-C2H,Echo 3,AVU,8300,407312.8,412559.0,7818.9,72.96,6.0,3.88,3.831,30.5,33.4,,,,
MID-C2H,Echo 3,AVU,8400,407321.5,412655.7,7841.8,76.77,6.0,4.12,3.808,29.4,30.0,,,,
MID-C2H,Echo 3,AVU,8500,407332.7,412754.0,7857.9,80.69,6.0,3.98,3.917,48.5,38.9,,,,
MID-C2H,Echo 3,AVU,8600,407344.5,412853.0,7866.0,85.35,6.0,4.82,4.664,32.5,35.0,,,,
MID-C2H,Echo 3,AVU,8700,407355.1,412952.3,7870.3,87.55,6.0,2.34,2.201,85.7,35.6,1,468640,9738,6781
MID-C2H,Echo 3,AVU,8800,407365.6,413051.6,7872.8,88.58,6.0,1.19,1.029,81.0,32.9,,,,
MID-C2H,Echo 3,AVU,8900,407376.1,413151.1,7874.1,89.26,6.0,0.86,0.673,64.9,24.0,2,522459,10047,7270
MID-C2H,Echo 3,AVU,9000,407386.4,413250.6,7874.8,89.6,6.0,0.49,0.346,98.8,30.6,,,,
MID-C2H,Echo 3,AVU,9100,407397.4,413350.0,7874.5,90.16,6.0,0.71,0.561,87.8,39.0,3,415946,10683,7449
MID-C2H,Echo 3,AVU,9200,407408.1,413449.4,7875.3,89.54,6.0,0.63,-0.625,93.3,33.9,,,,
MID-C2H,Echo 3,AVU,9300,407420.0,413548.7,7875.9,89.65,6.0,0.3,0.111,91.2,25.5,4,594437,11067,6325
MID-C2H,Echo 3,AVU,9400,407430.4,413648.2,7877.1,89.31,6.0,0.35,-0.342,75.1,33.3,,,,
MID-C2H,Echo 3,AVU,9500,407441.6,413747.5,7877.3,89.9,6.0,0.73,0.598,68.0,24.1,5,536375,10965,7410
MID-C2H,Echo 3,AVU,9600,407453.3,413847.0,7877.3,90.0,6.0,0.12,0.094,67.0,36.9,,,,
MID-C2H,Echo 3,AVU,9700,407464.5,413946.4,7877.3,89.98,6.0,0.14,-0.021,87.6,33.6,6,409749,9991,6575
MID-C2H,Echo 3,AVU,9800,407474.4,414045.8,7876.8,90.33,6.0,0.68,0.356,71.9,24.4,,,,
MID-C2H,Echo 3,AVU,9900,407485.5,414145.4,7877.0,89.83,6.0,0.55,-0.502,99.2,26.2,7,373751,10815,7333
MID-C2H,Echo 3,AVU,10000,407496.4,414244.7,7876.4,90.35,6.0,0.83,0.515,76.3,33.5,,,,
MID-C2H,Echo 3,AVU,10100,407505.4,414344.0,7875.7,90.42,6.0,0.09,0.076,75.9,34.0,8,556724,10836,6386
MID-C2H,Echo 3,AVU,10200,407515.5,414443.3,7875.7,90.01,6.0,0.59,-0.412,87.2,22.8,,,,
MID-C2H,Echo 3,AVU,10300,407527.2,414542.9,7875.5,90.09,6.0,0.31,0.08,82.9,37.5,9,403424,10777,6911
MID-C2H,Echo 3,AVU,10400,407538.3,414642.3,7876.4,89.51,6.0,0.9,-0.584,77.7,23.9,,,,
MID-C2H,Echo 3,AVU,10500,407548.5,414741.8,7877.3,89.45,6.0,0.32,-0.054,76.2,30.6,10,517581,11530,6602
MID-C2H,Echo 3,AVU,10600,407560.3,414841.2,7878.3,89.43,6.0,0.19,-0.02,91.6,36.1,,,,
MID-C2H,Echo 3,AVU,10700,407570.9,414940.6,7878.3,90.03,6.0,0.86,0.596,97.6,21.3,11,580259,10166,6247
MID-C2H,Echo 3,AVU,10800,407580.4,415040.2,7878.6,89.83,6.0,0.41,-0.2,79.9,23.8,,,,
MID-C2H,Echo 3,AVU,10900,407590.5,415139.7,7879.5,89.5,6.0,0.59,-0.328,64.5,33.2,12,345290,11035,6251
MID-C2H,Echo 3,AVU,11000,407602.2,415239.0,7879.3,90.07,6.0,0.74,0.571,85.4,22.5,,,,
MID-C2H,Echo 3,AVU,11100,407613.1,415338.3,7879.6,89.84,6.0,0.58,-0.232,70.5,25.4,13,387399,10036,6170
MID-C2H,Echo 3,AVU,11200,407624.1,415437.6,7879.8,89.92,6.0,0.33,0.077,62.6,32.0,,,,
MID-C2H,Echo 3,AVU,11300,407635.5,415537.1,7879.2,90.31,6.0,0.58,0.394,93.2,34.7,14,526857,11485,7433
MID-C2H,Echo 3,AVU,11400,407647.5,415636.4,7879.9,89.63,6.0,0.74,-0.676,73.7,39.5,,,,
MID-C2H,Echo 3,AVU,11500,407659.3,415735.9,7880.1,89.88,6.0,0.39,0.243,87.6,35.6,15,425116,11419,6252
MID-C2H,Echo 3,AVU,11600,407670.7,415835.2,7880.8,89.59,6.0,0.42,-0.285,78.5,23.2,,,,
MID-C2H,Echo 3,AVU,11700,407680.9,415934.7,7880.2,90.35,6.0,0.85,0.759,73.1,25.8,16,577204,10884,7095
MID-C2H,Echo 3,AVU,11800,407690.2,416034.3,7879.4,90.44,6.0,0.24,0.089,72.5,21.8,,,,
MID-C2H,Echo 3,AVU,11900,407701.7,416133.6,7879.0,90.25,6.0,0.51,-0.186,64.8,36.8,17,386970,9372,7124
MID-C2H,Echo 3,AVU,12000,407713.3,416233.0,7878.6,90.23,6.0,0.16,-0.026,96.2,33.1,,,,
MID-C2H,Echo 3,AVU,12100,407722.8,416332.3,7878.0,90.33,6.0,0.31,0.104,85.3,18.2,18,356952,9744,6615
MID-C2H,Echo 3,AVU,12200,407733.2,416431.8,7877.9,90.02,6.0,0.62,-0.315,84.4,22.1,,,,
MID-C2H,Echo 3,AVU,12300,407744.6,416531.2,7878.3,89.81,6.0,0.47,-0.211,71.7,33.6,19,374275,9725,7171
MID-C2H,Echo 3,AVU,12400,407755.1,416630.5,7878.0,90.19,6.0,0.47,0.383,77.8,20.1,,,,
MID-C2H,Echo 3,AVU,12500,407766.8,416729.9,7878.6,89.64,6.0,0.81,-0.546,65.2,31.6,20,507346,9708,6162
MID-C2H,Echo 3,AVU,12600,407775.9,416829.4,7879.1,89.7,6.0,0.1,0.059,94.3,37.9,,,,
MID-C2H,Echo 3,AVU,12700,407786.6,416928.8,7878.5,90.35,6.0,0.87,0.643,90.4,27.3,21,490166,8624,7278
MID-C2H,Echo 3,AVU,12800,407797.2,417028.1,7878.9,89.78,6.0,0.77,-0.568,69.0,30.0,,,,
MID-C2H,Echo 3,AVU,12900,407807.3,417127.7,7879.4,89.68,6.0,0.3,-0.097,80.2,26.5,22,588769,9425,6200
MID-C2H,Echo 3,AVU,13000,407819.2,417227.2,7879.6,89.89,6.0,0.34,0.213,95.4,23.1,,,,
MID-C2H,Echo 3,AVU,13100,407828.8,417326.5,7878.8,90.46,6.0,0.77,0.562,83.7,25.9,23,463484,11196,7100
MID-C2H,Echo 3,AVU,13200,407838.2,417425.9,7878.1,90.39,6.0,0.15,-0.069,82.2,32.0,,,,
MID-C2H,Echo 3,AVU,13300,407848.3,417525.3,7877.7,90.24,6.0,0.33,-0.143,97.2,21.7,24,513376,11139,7099
MID-C2H,Echo 3,AVU,13400,407859.8,417624.6,7877.6,90.07,6.0,0.28,-0.169,66.2,23.5,,,,
MID-C2H,Echo 3,AVU,13500,407871.2,417724.2,7877.6,90.01,6.0,0.25,-0.061,63.2,36.4,25,400793,9121,6345
MID-C2H,Echo 3,AVU,13600,407882.8,417823.5,7877.9,89.8,6.0,0.56,-0.217,92.8,32.1,,,,
MID-C2H,Echo 3,AVU,13700,407892.7,417922.8,7877.8,90.1,6.0,0.31,0.3,79.4,20.0,26,441447,10151,6279
MID-C2H,Echo 3,AVU,13800,407903.4,418022.3,7878.6,89.5,6.0,0.77,-0.595,85.9,20.8,,,,
MID-C2H,Echo 3,AVU,13900,407913.3,418121.7,7878.5,90.08,6.0,0.61,0.579,71.0,32.4,27,350940,9791,6542
MID-C2H,Echo 3,AVU,14000,407924.0,418221.0,7878.9,89.76,6.0,0.4,-0.317,94.3,37.4,,,,
MID-C2H,Echo 3,AVU,14100,407935.8,418320.4,7879.8,89.47,6.0,0.33,-0.293,78.1,28.5,28,427876,9169,6268
MID-C2H,Echo 3,AVU,14200,407945.9,418419.8,7881.0,89.33,6.0,0.4,-0.142,94.5,18.7,,,,
MID-C2H,Echo 3,AVU,14300,407954.9,418519.2,7881.9,89.5,6.0,0.47,0.171,75.8,25.2,29,421719,8313,7374
MID-C2H,Echo 3,AVU,14400,407965.3,418618.6,7882.7,89.5,6.0,0.18,0.002,68.1,31.7,,,,
MID-C2H,Echo 3,AVU,14500,407977.0,418718.1,7883.1,89.78,6.0,0.46,0.279,96.3,21.5,30,565245,9650,6190
MID-C2H,Echo 3,AVU,14600,407987.5,418817.5,7883.2,89.93,6.0,0.35,0.147,77.5,36.0,,,,
MID-C2H,Echo 3,AVU,14700,407996.7,418917.0,7884.0,89.57,6.0,0.48,-0.356,76.8,27.9,31,454584,9776,6579
MID-C2H,Echo 3,AVU,14800,408007.5,419016.4,7884.2,89.91,6.0,0.43,0.338,69.7,29.8,,,,
MID-C2H,Echo 3,AVU,14900,408018.6,419115.9,7884.3,89.91,6.0,0.01,0.004,65.6,19.9,32,553606,11086,7169
MID-C2H,Echo 3,AVU,15000,408027.6,419215.3,7884.6,89.82,6.0,0.22,-0.093,79.1,25.4,,,,
MID-C2H,Echo 3,AVU,15100,408037.3,419314.8,7885.3,89.6,6.0,0.56,-0.216,97.4,37.9,33,437245,10259,6643
MID-C2H,Echo 3,AVU,15200,408047.9,419414.4,7886.0,89.59,6.0,0.08,-0.01,95.6,38.6,,,,
MID-C2H,Echo 3,AVU,15300,408057.6,419513.9,7887.2,89.31,6.0,0.31,-0.289,63.5,39.9,34,448350,11749,7272
MID-C2H,Echo 3,AVU,15400,408068.5,419613.4,7888.7,89.18,6.0,0.21,-0.124,90.4,19.4,,,,
MID-C2H,Echo 3,AVU,15500,408078.4,419712.7,7889.4,89.59,6.0,0.65,0.409,85.0,27.5,35,586429,10500,7148
MID-C2H,Echo 3,AVU,15600,408087.6,419812.1,7889.6,89.89,6.0,0.54,0.301,91.9,36.1,,,,
MID-C2H,Echo 3,AVU,15700,408098.0,419911.4,7888.9,90.35,6.0,0.53,0.459,97.5,31.8,36,505791,9036,7076
MID-C2H,Echo 3,AVU,15800,408108.2,420010.9,7888.3,90.38,6.0,0.11,0.025,88.5,30.8,,,,
MID-C2H,Echo 3,AVU,15900,408118.8,420110.4,7888.6,89.85,6.0,0.78,-0.528,83.2,28.6,37,356583,10307,7198
MID-C2H,Echo 3,AVU,16000,408129.0,420209.8,7888.3,90.17,6.0,0.54,0.32,92.0,39.3,,,,
MID-C2H,Echo 3,AVU,16100,408138.4,420309.3,7888.2,90.05,6.0,0.15,-0.118,97.5,18.8,38,380549,8482,6927
MID-C2H,Echo 3,AVU,16200,408149.9,420408.8,7887.3,90.53,6.0,0.75,0.479,92.9,36.5,,,,
MID-C2H,Echo 3,AVU,16300,408161.5,420508.3,7886.2,90.6,6.0,0.29,0.076,70.4,36.7,39,508520,8744,7430
MID-C2H,Echo 3,AVU,16400,408171.6,420607.8,7884.9,90.76,6.0,0.21,0.157,97.5,18.9,,,,
MID-C2H,Echo 3,AVU,16500,408182.2,420707.2,7884.5,90.2,6.0,0.61,-0.562,99.1,31.0,40,391578,9548,6372
MID-C2H,Echo 3,AVU,16600,408193.1,420806.8,7883.8,90.39,6.0,0.31,0.191,81.6,25.7,,,,
MID-C2H,Echo 3,AVU,16700,408202.4,420906.2,7882.9,90.53,6.0,0.19,0.134,92.3,37.5,41,554199,8562,7303
MID-C2H,Echo 3,AVU,16800,408212.6,421005.7,7883.4,89.7,6.0,0.96,-0.82,96.5,19.1,,,,
MID-C2H,Echo 3,AVU,16900,408222.8,421105.2,7883.7,89.87,6.0,0.38,0.167,94.6,36.9,42,531316,9876,6863
MID-C2H,Echo 3,AVU,17000,408233.0,421204.7,7884.1,89.78,6.0,0.14,-0.095,72.1,38.5,,,,
MID-C2H,Echo 3,AVU,17100,408243.7,421304.2,7883.3,90.41,6.0,0.67,0.63,62.4,27.9,43,420060,11548,7004
MID-C2H,Echo 3,AVU,17200,408253.1,421403.6,7883.5,89.91,6.0,0.77,-0.493,70.9,28.2,,,,
MID-C2H,Echo 3,AVU,17300,408263.5,421503.0,7883.6,89.96,6.0,0.37,0.042,74.7,35.2,44,384500,10543,6272
MID-C2H,Echo 3,AVU,17400,408274.7,421602.3,7884.2,89.66,6.0,0.48,-0.291,77.6,20.3,,,,
MID-C2H,Echo 3,AVU,17500,408284.6,421701.7,7884.6,89.72,6.0,0.39,0.057,89.0,39.5,45,473842,8723,7042
MID-C3H,Echo 3,SBL,100,407856.4,411569.0,100.0,0,6.0,0.59,-0.289,24.4,21.2,,,,
MID-C3H,Echo 3,SBL,200,407856.4,411569.1,200.0,0.04,6.0,0.32,0.04,32.3,22.2,,,,
MID-C3H,Echo 3,SBL,300,407856.4,411569.1,300.0,0,6.0,0.51,-0.266,26.7,38.4,,,,
MID-C3H,Echo 3,SBL,400,407856.4,411569.3,400.0,0.17,6.0,0.3,0.166,30.1,19.8,,,,
MID-C3H,Echo 3,SBL,500,407856.4,411569.3,500.0,0,6.0,0.88,-0.563,40.6,29.0,,,,
MID-C3H,Echo 3,SBL,600,407856.4,411569.4,600.0,0.03,6.0,0.35,0.028,44.1,35.4,,,,
MID-C3H,Echo 3,SBL,700,407856.5,411569.9,700.0,0.27,6.0,0.41,0.244,47.7,31.4,,,,
MID-C3H,Echo 3,SBL,800,407856.6,411570.9,800.0,0.59,6.0,0.37,0.318,41.4,30.6,,,,
MID-C3H,Echo 3,SBL,900,407856.6,411570.9,900.0,0,6.0,1.03,-0.795,38.8,20.6,,,,
MID-C3H,Echo 3,SBL,1000,407856.7,411571.7,1000.0,0.49,6.0,0.75,0.493,49.9,23.6,,,,
MID-C3H,Echo 3,SBL,1100,407856.8,411572.7,1100.0,0.53,6.0,0.25,0.037,24.2,39.7,,,,
MID-C3H,Echo 3,SBL,1200,407856.8,411573.4,1200.0,0.42,6.0,0.14,-0.113,34.8,28.7,,,,
MID-C3H,Echo 3,SBL,1300,407856.8,411573.4,1300.0,0,6.0,0.67,-0.455,32.7,29.6,,,,
MID-C3H,Echo 3,SBL,1400,407856.8,411573.4,1400.0,0,6.0,0.61,-0.297,39.0,32.5,,,,
MID-C3H,Echo 3,SBL,1500,407856.9,411574.0,1500.0,0.37,6.0,0.48,0.374,26.1,34.7,,,,
MID-C3H,Echo 3,SBL,1600,407856.9,411574.0,1600.0,0.01,6.0,0.62,-0.368,42.5,22.4,,,,
MID-C3H,Echo 3,SBL,1700,407857.0,411574.8,1700.0,0.41,6.0,0.67,0.403,33.8,18.4,,,,
MID-C3H,Echo 3,SBL,1800,407857.0,411575.0,1800.0,0.14,6.0,0.37,-0.266,30.9,29.8,,,,
MID-C3H,Echo 3,SBL,1900,407857.0,411575.0,1900.0,0,6.0,0.59,-0.473,29.3,31.9,,,,
MID-C3H,Echo 3,SBL,2000,407857.0,411575.2,2000.0,0.09,6.0,0.1,0.086,31.5,30.4,,,,
MID-C3H,Echo 3,SBL,2100,407857.1,411576.2,2100.0,0.59,6.0,0.6,0.499,48.6,25.8,,,,
MID-C3H,Echo 3,SBL,2200,407857.3,411577.5,2200.0,0.77,6.0,0.45,0.181,35.2,24.5,,,,
MID-C3H,Echo 3,SBL,2300,407857.3,411577.5,2300.0,0,6.0,1.05,-0.773,39.9,38.3,,,,
MID-C3H,Echo 3,SBL,2400,407857.3,411577.5,2400.0,0,6.0,0.86,-0.521,28.6,37.9,,,,
MID-C3H,Echo 3,SBL,2500,407857.3,411578.0,2500.0,0.28,6.0,0.51,0.279,31.4,35.5,,,,
MID-C3H,Echo 3,SBL,2600,407857.3,411578.0,2600.0,0,6.0,0.9,-0.619,31.4,36.2,,,,
MID-C3H,Echo 3,SBL,2700,407857.3,411578.0,2700.0,0,6.0,0.49,-0.195,31.1,19.2,,,,
MID-C3H,Echo 3,SBL,2800,407857.3,411578.0,2800.0,0,6.0,0.55,-0.363,25.3,29.4,,,,
MID-C3H,Echo 3,SBL,2900,407857.3,411578.0,2900.0,0,6.0,0.47,-0.262,29.0,31.1,,,,
MID-C3H,Echo 3,SBL,3000,407857.3,411578.0,3000.0,0,6.0,0.59,-0.343,47.3,26.5,,,,
MID-C3H,Echo 3,SBL,3100,407857.3,411578.0,3100.0,0.02,6.0,0.37,0.02,36.2,32.4,,,,
MID-C3H,Echo 3,SBL,3200,407857.3,411578.0,3200.0,0,6.0,0.54,-0.288,32.6,21.1,,,,
MID-C3H,Echo 3,SBL,3300,407857.4,411578.3,3300.0,0.16,6.0,0.36,0.163,41.8,26.3,,,,
MID-C3H,Echo 3,SBL,3400,407857.4,411578.4,3400.0,0.08,6.0,0.32,-0.084,49.9,26.2,,,,
MID-C3H,Echo 3,SBL,3500,407857.4,411578.4,3500.0,0,6.0,0.86,-0.548,48.7,33.6,,,,
MID-C3H,Echo 3,SBL,3600,407857.4,411578.7,3600.0,0.14,6.0,0.49,0.141,31.0,34.4,,,,
MID-C3H,Echo 3,SBL,3700,407857.4,411578.7,3700.0,0,6.0,0.23,-0.219,29.1,21.5,,,,
MID-C3H,Echo 3,SBL,3800,407857.4,411578.7,3800.0,0,6.0,0.5,-0.478,36.5,20.1,,,,
MID-C3H,Echo 3,SBL,3900,407857.5,411579.6,3900.0,0.53,6.0,0.77,0.533,35.0,39.6,,,,
MID-C3H,Echo 3,SBL,4000,407857.6,411580.5,4000.0,0.49,6.0,0.28,-0.04,47.4,25.6,,,,
MID-C3H,Echo 3,SBL,4100,407857.7,411581.4,4099.9,0.52,6.0,0.37,0.031,32.0,30.1,,,,
MID-C3H,Echo 3,SBL,4200,407857.7,411581.4,4199.9,0,6.0,1.06,-0.775,36.5,31.3,,,,
MID-C3H,Echo 3,SBL,4300,407857.7,411581.4,4299.9,0,6.0,0.39,-0.1,24.5,18.3,,,,
MID-C3H,Echo 3,SBL,4400,407857.7,411581.4,4399.9,0,6.0,0.55,-0.394,36.5,24.8,,,,
MID-C3H,Echo 3,SBL,4500,407857.7,411581.4,4499.9,0,6.0,0.48,-0.171,41.9,20.9,,,,
MID-C3H,Echo 3,SBL,4600,407857.7,411581.6,4599.9,0.13,6.0,0.23,0.134,47.1,25.4,,,,
MID-C3H,Echo 3,SBL,4700,407857.7,411581.6,4699.9,0,6.0,0.85,-0.524,28.1,26.1,,,,
MID-C3H,Echo 3,SBL,4800,407857.7,411581.6,4799.9,0,6.0,0.3,-0.229,26.5,25.7,,,,
MID-C3H,Echo 3,SBL,4900,407857.7,411581.6,4899.9,0,6.0,0.74,-0.461,44.0,25.9,,,,
MID-C3H,Echo 3,SBL,5000,407857.7,411581.7,4999.9,0.06,6.0,0.41,0.062,38.2,30.2,,,,
MID-C3H,Echo 3,SBL,5100,407857.7,411581.7,5099.9,0,6.0,0.49,-0.333,26.3,38.9,,,,
MID-C3H,Echo 3,SBL,5200,407857.7,411581.7,5199.9,0,6.0,0.23,-0.111,25.5,34.4,,,,
MID-C3H,Echo 3,SBL,5300,407857.7,411582.0,5299.9,0.15,6.0,0.48,0.145,45.0,22.3,,,,
MID-C3H,Echo 3,SBL,5400,407857.9,411583.0,5399.9,0.61,6.0,0.81,0.469,46.2,26.0,,,,
MID-C3H,Echo 3,SBL,5500,407857.9,411583.2,5499.9,0.12,6.0,0.59,-0.49,36.1,36.9,,,,
MID-C3H,Echo 3,SBL,5600,407857.9,411583.2,5599.9,0,6.0,0.42,-0.32,24.3,39.2,,,,
MID-C3H,Echo 3,SBL,5700,407857.9,411583.2,5699.9,0,6.0,0.35,-0.138,48.2,25.1,,,,
MID-C3H,Echo 3,SBL,5800,407858.0,411584.1,5799.9,0.51,6.0,0.62,0.509,43.8,27.9,,,,
MID-C3H,Echo 3,SBL,5900,407858.0,411584.3,5899.9,0.11,6.0,0.5,-0.398,39.9,33.7,,,,
MID-C3H,Echo 3,SBL,6000,407858.1,411584.7,5999.9,0.22,6.0,0.15,0.111,31.2,31.5,,,,
MID-C3H,Echo 3,SBL,6100,407858.1,411585.2,6099.9,0.28,6.0,0.28,0.06,36.5,37.3,,,,
MID-C3H,Echo 3,SBL,6200,407858.2,411585.9,6199.9,0.39,6.0,0.4,0.113,28.7,20.7,,,,
MID-C3H,Echo 3,SBL,6300,407858.4,411587.8,6299.9,1.11,6.0,0.77,0.718,45.2,35.1,,,,
MID-C3H,Echo 3,SBL,6400,407859.0,411594.6,6399.7,3.91,6.0,3.09,2.793,48.0,20.9,,,,
MID-C3H,Echo 3,SBL,6500,407860.6,411607.7,6498.8,7.59,6.0,3.81,3.687,26.4,28.0,,,,
MID-C3H,Echo 3,SBL,6600,407862.8,411627.0,6596.9,11.18,6.0,3.91,3.592,49.5,33.5,,,,
MID-C3H,Echo 3,SBL,6700,407865.8,411654.2,6693.1,15.85,6.0,4.88,4.665,38.6,26.1,,,,
MID-C3H,Echo 3,SBL,6800,407869.0,411687.3,6787.4,19.47,6.0,3.7,3.618,44.1,25.7,,,,
MID-C3H,Echo 3,SBL,6900,407873.7,411727.5,6878.9,23.79,6.0,4.38,4.321,38.8,30.4,,,,
MID-C3H,Echo 3,SBL,7000,407878.1,411773.9,6967.3,27.85,6.0,4.17,4.064,32.4,28.7,,,,
MID-C3H,Echo 3,SBL,7100,407883.7,411826.4,7052.3,31.79,6.0,3.97,3.938,30.5,19.0,,,,
MID-C3H,Echo 3,SBL,7200,407890.6,411884.8,7133.2,36.03,6.0,4.33,4.238,49.2,20.3,,,,
MID-C3H,Echo 3,SBL,7300,407896.5,411948.7,7209.8,39.99,6.0,4.17,3.959,28.6,20.5,,,,
MID-C3H,Echo 3,SBL,7400,407904.7,412017.8,7281.8,43.95,6.0,4.05,3.961,34.3,36.9,,,,
MID-C3H,Echo 3,SBL,7500,407913.3,412091.6,7348.7,48.0,6.0,4.25,4.053,42.8,34.7,,,,
MID-C3H,Echo 3,SBL,7600,407920.9,412170.7,7409.3,52.75,6.0,5.02,4.747,37.7,19.7,,,,
MID-C3H,Echo 3,SBL,7700,407928.5,412253.6,7464.4,56.52,6.0,3.92,3.771,31.1,23.6,,,,
MID-C3H,Echo 3,SBL,7800,407938.3,412340.2,7513.7,60.47,6.0,4.17,3.949,41.7,34.1,,,,
MID-C3H,Echo 3,SBL,7900,407948.5,412429.7,7557.3,64.18,6.0,3.98,3.719,33.9,21.7,,,,
MID-C3H,Echo 3,SBL,8000,407957.2,412522.2,7593.8,68.59,6.0,4.73,4.401,34.8,31.8,,,,
MID-C3H,Echo 3,SBL,8100,407968.5,412617.0,7624.1,72.35,6.0,3.87,3.76,37.6,35.9,,,,
MID-C3H,Echo 3,SBL,8200,407977.7,412713.9,7646.4,77.11,6.0,4.81,4.761,48.2,32.7,,,,
MID-C3H,Echo 3,SBL,8300,407986.6,412812.2,7661.3,81.43,6.0,4.61,4.326,49.8,38.7,,,,
MID-C3H,Echo 3,SBL,8400,407997.5,412911.3,7670.0,85.02,6.0,3.92,3.586,29.4,23.0,,,,
MID-C3H,Echo 3,SBL,8500,408008.9,413010.7,7674.6,87.38,6.0,2.58,2.361,67.4,36.9,1,432417,9581,6141
MID-C3H,Echo 3,SBL,8600,408020.4,413110.2,7676.8,88.73,6.0,1.45,1.347,96.8,27.7,,,,
MID-C3H,Echo 3,SBL,8700,408030.9,413209.6,7678.4,89.1,6.0,0.63,0.378,71.3,22.1,2,409863,10353,6914
MID-C3H,Echo 3,SBL,8800,408042.5,413309.1,7679.8,89.19,6.0,0.42,0.089,87.3,29.7,,,,
MID-C3H,Echo 3,SBL,8900,408052.2,413408.7,7680.3,89.72,6.0,0.81,0.526,94.2,20.5,3,429750,8954,6399
MID-C3H,Echo 3,SBL,9000,408063.2,413508.2,7679.9,90.21,6.0,0.55,0.496,75.9,27.5,,,,
MID-C3H,Echo 3,SBL,9100,408074.0,413607.7,7679.5,90.19,6.0,0.22,-0.021,89.1,19.2,4,597813,10491,6345
MID-C3H,Echo 3,SBL,9200,408083.6,413707.0,7680.2,89.6,6.0,0.63,-0.594,68.9,24.8,,,,
MID-C3H,Echo 3,SBL,9300,408094.1,413806.5,7680.6,89.78,6.0,0.25,0.184,95.4,36.6,5,433621,10170,6167
MID-C3H,Echo 3,SBL,9400,408104.1,413906.0,7681.3,89.63,6.0,0.32,-0.149,75.2,34.8,,,,
MID-C3H,Echo 3,SBL,9500,408115.3,414005.5,7682.4,89.35,6.0,0.38,-0.285,85.8,34.3,6,417588,8778,6237
MID-C3H,Echo 3,SBL,9600,408125.4,414105.1,7682.5,89.94,6.0,0.64,0.594,85.7,20.5,,,,
MID-C3H,Echo 3,SBL,9700,408136.8,414204.4,7682.6,89.96,6.0,0.29,0.019,83.3,39.3,7,400627,9994,6217
MID-C3H,Echo 3,SBL,9800,408148.1,414304.0,7683.5,89.45,6.0,0.66,-0.512,79.2,19.2,,,,
MID-C3H,Echo 3,SBL,9900,408158.4,414403.5,7683.1,90.25,6.0,1.0,0.801,85.4,22.8,8,402488,11116,6503
MID-C3H,Echo 3,SBL,10000,408167.6,414503.0,7683.4,89.83,6.0,0.57,-0.426,99.3,30.7,,,,
MID-C3H,Echo 3,SBL,10100,408179.2,414602.5,7683.8,89.78,6.0,0.04,-0.042,96.2,24.5,9,397002,10102,7198
MID-C3H,Echo 3,SBL,10200,408189.7,414702.0,7683.7,90.02,6.0,0.36,0.241,92.4,39.3,,,,
MID-C3H,Echo 3,SBL,10300,408199.0,414801.4,7684.5,89.55,6.0,0.7,-0.472,93.2,38.4,10,466267,9654,7317
MID-C3H,Echo 3,SBL,10400,408210.7,414901.0,7685.4,89.47,6.0,0.24,-0.08,99.3,30.6,,,,
MID-C3H,Echo 3,SBL,10500,408220.5,415000.4,7686.4,89.42,6.0,0.24,-0.055,75.7,37.7,11,565001,11480,7080
MID-C3H,Echo 3,SBL,10600,408230.9,415099.9,7686.4,90.02,6.0,0.85,0.603,82.8,37.7,,,,
MID-C3H,Echo 3,SBL,10700,408242.5,415199.4,7685.9,90.27,6.0,0.36,0.25,78.3,30.3,12,514751,10556,7452
MID-C3H,Echo 3,SBL,10800,408254.1,415298.9,7686.7,89.58,6.0,0.96,-0.691,74.3,25.9,,,,
MID-C3H,Echo 3,SBL,10900,408266.0,415398.4,7686.3,90.21,6.0,0.69,0.629,71.0,39.6,13,461110,8743,7377
MID-C3H,Echo 3,SBL,11000,408276.0,415497.7,7686.6,89.81,6.0,0.62,-0.397,64.9,18.4,,,,
MID-C3H,Echo 3,SBL,11100,408286.2,415597.2,7685.9,90.39,6.0,0.82,0.582,96.8,28.3,14,404228,11622,7392
MID-C3H,Echo 3,SBL,11200,408297.1,415696.6,7684.9,90.57,6.0,0.43,0.181,86.6,26.3,,,,
MID-C3H,Echo 3,SBL,11300,408307.4,415796.2,7684.5,90.24,6.0,0.61,-0.334,72.7,27.9,15,558408,9634,6198
MID-C3H,Echo 3,SBL,11400,408318.4,415895.5,7685.1,89.65,6.0,0.93,-0.591,69.3,33.4,,,,
MID-C3H,Echo 3,SBL,11500,408328.2,415994.9,7684.6,90.3,6.0,0.99,0.654,93.6,21.3,16,377702,11477,7289
MID-C3H,Echo 3,SBL,11600,408338.7,416094.3,7685.1,89.72,6.0,0.82,-0.582,99.6,24.6,,,,
MID-C3H,Echo 3,SBL,11700,408347.6,416193.7,7685.3,89.88,6.0,0.43,0.16,82.1,38.7,17,591029,10615,7129
MID-C3H,Echo 3,SBL,11800,408359.5,416293.1,7685.3,90.01,6.0,0.21,0.128,69.0,33.8,,,,
MID-C3H,Echo 3,SBL,11900,408371.0,416392.7,7684.5,90.43,6.0,0.7,0.425,91.9,25.8,18,477928,10148,6868
MID-C3H,Echo 3,SBL,12000,408381.0,416492.0,7683.5,90.58,6.0,0.16,0.151,92.7,22.0,,,,
MID-C3H,Echo 3,SBL,12100,408390.7,416591.5,7683.5,90.0,6.0,0.9,-0.586,65.1,39.6,19,489119,9196,6236
MID-C3H,Echo 3,SBL,12200,408400.6,416690.9,7683.7,89.92,6.0,0.21,-0.083,70.8,22.8,,,,
MID-C3H,Echo 3,SBL,12300,408411.5,416790.4,7684.6,89.46,6.0,0.58,-0.458,82.9,29.7,20,353723,10015,6625
MID-C3H,Echo 3,SBL,12400,408421.2,416889.9,7685.1,89.72,6.0,0.58,0.261,66.5,28.9,,,,
MID-C3H,Echo 3,SBL,12500,408431.2,416989.2,7684.5,90.33,6.0,0.62,0.606,76.3,36.6,21,381997,8764,6269
MID-C3H,Echo 3,SBL,12600,408440.6,417088.5,7684.7,89.9,6.0,0.54,-0.427,74.0,18.8,,,,
MID-C3H,Echo 3,SBL,12700,408451.1,417187.8,7684.9,89.86,6.0,0.05,-0.04,68.2,30.8,22,472107,10114,7264
MID-C3H,Echo 3,SBL,12800,408462.3,417287.2,7685.4,89.72,6.0,0.37,-0.14,81.6,37.7,,,,
MID-C3H,Echo 3,SBL,12900,408473.2,417386.8,7684.8,90.36,6.0,0.76,0.642,63.1,32.5,23,447673,10255,6218
MID-C3H,Echo 3,SBL,13000,408484.6,417486.1,7683.9,90.53,6.0,0.23,0.165,94.7,22.2,,,,
MID-C3H,Echo 3,SBL,13100,408496.2,417585.4,7683.9,90.0,6.0,0.59,-0.529,76.2,36.1,24,515153,11060,7090
MID-C3H,Echo 3,SBL,13200,408506.2,417685.0,7683.4,90.28,6.0,0.31,0.278,78.2,29.8,,,,
MID-C3H,Echo 3,SBL,13300,408516.0,417784.4,7683.6,89.89,6.0,0.48,-0.39,77.0,28.1,25,518442,10571,6555
MID-C3H,Echo 3,SBL,13400,408527.0,417883.8,7683.9,89.83,6.0,0.35,-0.058,82.8,39.7,,,,
MID-C3H,Echo 3,SBL,13500,408538.1,417983.1,7684.5,89.65,6.0,0.26,-0.176,76.7,29.0,26,485367,10022,6100
MID-C3H,Echo 3,SBL,13600,408548.1,418082.7,7683.9,90.34,6.0,0.92,0.693,69.4,27.6,,,,
MID-C3H,Echo 3,SBL,13700,408559.0,418182.1,7684.3,89.8,6.0,0.78,-0.544,69.5,36.8,27,386649,9279,6723
MID-C3H,Echo 3,SBL,13800,408569.2,418281.4,7685.1,89.52,6.0,0.51,-0.28,64.2,25.5,,,,
MID-C3H,Echo 3,SBL,13900,408579.2,418381.0,7684.6,90.31,6.0,1.06,0.789,87.5,21.5,28,504648,9042,6419
MID-C3H,Echo 3,SBL,14000,408590.6,418480.5,7684.7,89.9,6.0,0.56,-0.406,83.3,35.7,,,,
MID-C3H,Echo 3,SBL,14100,408600.7,418579.9,7685.5,89.55,6.0,0.63,-0.359,71.2,29.8,29,467736,10729,6185
MID-C3H,Echo 3,SBL,14200,408610.7,418679.5,7686.0,89.75,6.0,0.4,0.207,83.5,32.5,,,,
MID-C3H,Echo 3,SBL,14300,408622.0,418778.8,7685.4,90.31,6.0,0.6,0.56,86.3,25.8,30,349010,8351,6913
MID-C3H,Echo 3,SBL,14400,408631.4,418878.1,7685.9,89.7,6.0,0.8,-0.611,65.2,37.3,,,,
MID-C3H,Echo 3,SBL,14500,408641.5,418977.7,7686.7,89.58,6.0,0.35,-0.124,95.7,31.7,31,446705,8224,6481
MID-C3H,Echo 3,SBL,14600,408651.2,419077.0,7687.8,89.35,6.0,0.43,-0.225,92.8,38.9,,,,
MID-C3H,Echo 3,SBL,14700,408661.0,419176.4,7688.9,89.34,6.0,0.2,-0.012,72.4,38.1,32,562405,11595,6487
MID-C3H,Echo 3,SBL,14800,408672.5,419276.0,7690.1,89.34,6.0,0.28,0.001,93.3,35.9,,,,
MID-C3H,Echo 3,SBL,14900,408683.1,419375.4,7690.6,89.72,6.0,0.7,0.378,82.2,18.6,33,464407,8726,6818
MID-C3H,Echo 3,SBL,15000,408692.2,419474.8,7691.7,89.37,6.0,0.44,-0.352,72.9,35.3,,,,
MID-C3H,Echo 3,SBL,15100,408701.2,419574.2,7691.6,90.05,6.0,0.74,0.681,84.7,35.6,34,567351,11052,7379
MID-C3H,Echo 3,SBL,15200,408710.8,419673.7,7691.8,89.9,6.0,0.44,-0.144,83.9,39.4,,,,
MID-C3H,Echo 3,SBL,15300,408720.8,419773.0,7692.5,89.59,6.0,0.41,-0.317,97.9,18.3,35,575807,11116,7433
MID-C3H,Echo 3,SBL,15400,408730.8,419872.6,7693.4,89.48,6.0,0.22,-0.11,72.4,31.2,,,,
MID-C3H,Echo 3,SBL,15500,408741.3,419971.9,7694.7,89.26,6.0,0.41,-0.217,64.0,26.0,36,470630,10626,7416
MID-C3H,Echo 3,SBL,15600,408752.7,420071.5,7695.0,89.82,6.0,0.82,0.557,91.2,39.5,,,,
MID-C3H,Echo 3,SBL,15700,408764.3,420170.8,7694.7,90.17,6.0,0.61,0.353,84.4,37.9,37,411726,9228,7027
MID-C3H,Echo 3,SBL,15800,408774.7,420270.3,7694.6,90.07,6.0,0.21,-0.1,78.5,36.1,,,,
MID-C3H,Echo 3,SBL,15900,408784.5,420369.6,7694.8,89.87,6.0,0.33,-0.202,86.3,28.8,38,550275,9652,7332
MID-C3H,Echo 3,SBL,16000,408795.1,420469.2,7694.6,90.11,6.0,0.3,0.238,80.7,40.0,,,,
MID-C3H,Echo 3,SBL,16100,408806.5,420568.8,7695.0,89.77,6.0,0.36,-0.333,91.9,37.6,39,455128,11670,7038
MID-C3H,Echo 3,SBL,16200,408815.7,420668.2,7695.5,89.7,6.0,0.41,-0.072,65.7,25.3,,,,
MID-C3H,Echo 3,SBL,16300,408826.5,420767.7,7695.1,90.24,6.0,0.84,0.541,84.3,31.2,40,451640,9910,6271
MID-C3H,Echo 3,SBL,16400,408838.2,420867.1,7695.1,90.01,6.0,0.42,-0.233,68.2,25.5,,,,
MID-C3H,Echo 3,SBL,16500,408850.1,420966.6,7694.2,90.5,6.0,0.66,0.488,97.3,33.7,41,504180,9527,6540
MID-C3H,Echo 3,SBL,16600,408859.8,421066.2,7694.5,89.84,6.0,0.82,-0.656,76.7,22.8,,,,
MID-C3H,Echo 3,SBL,16700,408871.0,421165.7,7693.7,90.46,6.0,0.79,0.621,91.6,20.5,42,569396,9631,7220
MID-C3H,Echo 3,SBL,16800,408880.5,421265.3,7693.5,90.09,6.0,0.48,-0.373,92.6,33.9,,,,
MID-C3H,Echo 3,SBL,16900,408891.1,421364.7,7693.4,90.1,6.0,0.18,0.015,81.2,37.7,43,529215,11087,6292
MID-C3H,Echo 3,SBL,17000,408902.5,421464.2,7693.5,89.93,6.0,0.49,-0.173,79.4,26.1,,,,
MID-C3H,Echo 3,SBL,17100,408911.5,421563.6,7694.3,89.55,6.0,0.47,-0.381,69.2,22.1,44,441347,10118,6180
MID-C3H,Echo 3,SBL,17200,408922.5,421662.9,7695.5,89.3,6.0,0.47,-0.249,64.9,30.1,,,,
MID-C3H,Echo 3,SBL,17300,408933.0,421762.3,7695.3,90.12,6.0,1.16,0.822,71.7,30.8,45,539034,10327,6631
MID-C3H,Echo 3,SBL,17400,408942.5,421861.7,7694.5,90.42,6.0,0.31,0.3,86.0,32.4,,,,
MID-C3H,Echo 3,SBL,17500,408954.1,421961.1,7693.6,90.55,6.0,0.44,0.123,85.5,28.9,46,469852,10234,6683
MID-C3H,Echo 3,SBL,17600,408964.4,422060.6,7692.8,90.47,6.0,0.16,-0.079,87.1,31.5,,,,
MID-C3H,Echo 3,SBL,17700,408974.2,422160.0,7692.5,90.12,6.0,0.38,-0.349,84.1,32.0,47,588020,9134,6794
MID-C3H,Echo 3,SBL,17800,408984.2,422259.4,7691.6,90.56,6.0,0.56,0.441,80.4,36.9,,,,
MID-C3H,Echo 3,SBL,17900,408993.9,422359.0,7691.9,89.82,6.0,0.8,-0.735,64.4,37.4,48,504492,11174,6514
MID-C3H,Echo 3,SBL,18000,409004.8,422458.5,7692.1,89.85,6.0,0.25,0.023,83.6,20.9,,,,
MID-C3H,Echo 3,SBL,18100,409014.0,422557.9,7691.8,90.18,6.0,0.44,0.337,65.6,24.1,49,599628,8294,6915
MID-C3H,Echo 3,SBL,18200,409023.6,422657.3,7691.5,90.16,6.0,0.09,-0.023,86.5,29.5,,,,
MID-C3H,Echo 3,SBL,18300,409034.7,422756.7,7691.8,89.85,6.0,0.35,-0.315,88.0,30.4,50,451682,9339,6120
MID-C3H,Echo 3,SBL,18400,409044.0,422856.3,7691.1,90.41,6.0,0.79,0.566,90.3,18.8,,,,
MID-C3H,Echo 3,SBL,18500,409055.3,422955.6,7691.2,89.9,6.0,0.67,-0.509,84.5,20.6,51,413747,10914,6557
MID-C3H,Echo 3,SBL,18600,409066.1,423055.0,7691.4,89.91,6.0,0.07,0.002,90.1,29.4,,,,
MID-C4H,Echo 3,WCA,100,407200.1,411500.8,100.0,0.49,6.0,0.78,0.487,40.8,18.1,,,,
MID-C4H,Echo 3,WCA,200,407200.1,411500.8,200.0,0,6.0,0.7,-0.547,39.7,31.2,,,,
MID-C4H,Echo 3,WCA,300,407200.1,411500.8,300.0,0,6.0,0.31,-0.012,37.1,28.5,,,,
MID-C4H,Echo 3,WCA,400,407200.1,411500.8,400.0,0,6.0,0.72,-0.402,43.6,18.1,,,,
MID-C4H,Echo 3,WCA,500,407200.1,411500.8,500.0,0,6.0,0.44,-0.174,24.6,34.9,,,,
MID-C4H,Echo 3,WCA,600,407200.1,411500.8,600.0,0,6.0,0.84,-0.507,39.5,32.0,,,,
MID-C4H,Echo 3,WCA,700,407200.1,411501.4,700.0,0.3,6.0,0.46,0.295,26.0,28.6,,,,
MID-C4H,Echo 3,WCA,800,407200.1,411501.4,800.0,0,6.0,0.8,-0.711,35.9,24.6,,,,
MID-C4H,Echo 3,WCA,900,407200.1,411501.4,900.0,0,6.0,0.72,-0.404,34.4,23.4,,,,
MID-C4H,Echo 3,WCA,1000,407200.1,411501.4,1000.0,0,6.0,0.77,-0.495,48.0,26.3,,,,
MID-C4H,Echo 3,WCA,1100,407200.1,411501.4,1100.0,0,6.0,0.63,-0.405,25.0,22.5,,,,
MID-C4H,Echo 3,WCA,1200,407200.2,411501.8,1200.0,0.28,6.0,0.42,0.282,26.8,36.1,,,,
MID-C4H,Echo 3,WCA,1300,407200.2,411502.1,1300.0,0.13,6.0,0.33,-0.152,29.2,31.6,,,,
MID-C4H,Echo 3,WCA,1400,407200.2,411502.1,1400.0,0,6.0,0.62,-0.275,29.5,31.7,,,,
MID-C4H,Echo 3,WCA,1500,407200.3,411502.5,1500.0,0.22,6.0,0.25,0.225,41.0,34.6,,,,
MID-C4H,Echo 3,WCA,1600,407200.3,411502.9,1600.0,0.23,6.0,0.2,0.004,31.9,24.0,,,,
MID-C4H,Echo 3,WCA,1700,407200.4,411503.8,1700.0,0.52,6.0,0.54,0.294,27.9,33.8,,,,
MID-C4H,Echo 3,WCA,1800,407200.4,411503.8,1800.0,0,6.0,0.8,-0.627,25.0,32.8,,,,
MID-C4H,Echo 3,WCA,1900,407200.4,411503.8,1900.0,0,6.0,0.36,-0.198,43.4,27.0,,,,
MID-C4H,Echo 3,WCA,2000,407200.4,411504.0,2000.0,0.12,6.0,0.47,0.123,26.9,34.7,,,,
MID-C4H,Echo 3,WCA,2100,407200.5,411505.0,2100.0,0.57,6.0,0.53,0.444,30.0,35.4,,,,
MID-C4H,Echo 3,WCA,2200,407200.6,411505.5,2200.0,0.33,6.0,0.29,-0.237,41.8,36.0,,,,
MID-C4H,Echo 3,WCA,2300,407200.7,411506.7,2300.0,0.66,6.0,0.44,0.327,33.0,29.7,,,,
MID-C4H,Echo 3,WCA,2400,407200.7,411507.2,2400.0,0.28,6.0,0.45,-0.375,40.2,30.9,,,,
MID-C4H,Echo 3,WCA,2500,407200.7,411507.3,2500.0,0.07,6.0,0.48,-0.208,38.0,32.9,,,,
MID-C4H,Echo 3,WCA,2600,407200.8,411508.1,2600.0,0.48,6.0,0.48,0.404,47.1,36.6,,,,
MID-C4H,Echo 3,WCA,2700,407200.9,411508.5,2700.0,0.25,6.0,0.53,-0.231,38.1,31.2,,,,
MID-C4H,Echo 3,WCA,2800,407200.9,411509.1,2800.0,0.32,6.0,0.2,0.078,24.7,19.5,,,,
MID-C4H,Echo 3,WCA,2900,407201.0,411509.7,2900.0,0.33,6.0,0.18,0.008,32.8,33.8,,,,
MID-C4H,Echo 3,WCA,3000,407201.1,411510.4,3000.0,0.45,6.0,0.28,0.115,34.6,19.1,,,,
MID-C4H,Echo 3,WCA,3100,407201.1,411510.9,3100.0,0.28,6.0,0.21,-0.169,39.2,31.5,,,,
MID-C4H,Echo 3,WCA,3200,407201.2,411511.0,3200.0,0.06,6.0,0.25,-0.217,37.2,26.4,,,,
MID-C4H,Echo 3,WCA,3300,407201.2,411511.0,3300.0,0,6.0,0.46,-0.399,31.7,29.8,,,,
MID-C4H,Echo 3,WCA,3400,407201.2,411511.0,3400.0,0,6.0,0.26,-0.097,24.3,22.1,,,,
MID-C4H,Echo 3,WCA,3500,407201.2,411511.0,3500.0,0,6.0,0.48,-0.391,43.0,32.7,,,,
MID-C4H,Echo 3,WCA,3600,407201.2,411511.0,3600.0,0,6.0,0.48,-0.35,40.7,28.7,,,,
MID-C4H,Echo 3,WCA,3700,407201.2,411511.0,3700.0,0,6.0,0.23,-0.147,42.9,25.2,,,,
MID-C4H,Echo 3,WCA,3800,407201.2,411511.3,3800.0,0.17,6.0,0.28,0.169,26.1,22.8,,,,
MID-C4H,Echo 3,WCA,3900,407201.2,411511.8,3900.0,0.3,6.0,0.17,0.134,25.9,29.4,,,,
MID-C4H,Echo 3,WCA,4000,407201.3,411512.7,4000.0,0.5,6.0,0.49,0.197,35.0,36.4,,,,
MID-C4H,Echo 3,WCA,4100,407201.3,411512.7,4100.0,0,6.0,0.74,-0.624,42.6,28.4,,,,
MID-C4H,Echo 3,WCA,4200,407201.3,411512.7,4200.0,0,6.0,0.79,-0.529,39.8,23.5,,,,
MID-C4H,Echo 3,WCA,4300,407201.4,411513.6,4300.0,0.51,6.0,0.67,0.506,28.3,38.1,,,,
MID-C4H,Echo 3,WCA,4400,407201.4,411513.8,4400.0,0.14,6.0,0.59,-0.37,42.0,24.7,,,,
MID-C4H,Echo 3,WCA,4500,407201.4,411513.8,4500.0,0,6.0,0.39,-0.309,32.5,39.6,,,,
MID-C4H,Echo 3,WCA,4600,407201.4,411513.8,4600.0,0,6.0,0.77,-0.488,46.4,18.9,,,,
MID-C4H,Echo 3,WCA,4700,407201.5,411514.0,4700.0,0.09,6.0,0.38,0.089,40.7,24.9,,,,
MID-C4H,Echo 3,WCA,4800,407201.5,411514.0,4800.0,0,6.0,0.73,-0.582,34.2,18.7,,,,
MID-C4H,Echo 3,WCA,4900,407201.6,411514.8,4899.9,0.49,6.0,0.49,0.488,43.3,20.4,,,,
MID-C4H,Echo 3,WCA,5000,407201.6,411514.8,4999.9,0,6.0,0.78,-0.489,28.2,18.6,,,,
MID-C4H,Echo 3,WCA,5100,407201.6,411514.8,5099.9,0,6.0,0.25,-0.132,46.1,26.3,,,,
MID-C4H,Echo 3,WCA,5200,407201.6,411514.8,5199.9,0,6.0,0.12,-0.031,32.3,35.4,,,,
MID-C4H,Echo 3,WCA,5300,407201.6,411514.8,5299.9,0,6.0,0.3,-0.305,48.1,36.5,,,,
MID-C4H,Echo 3,WCA,5400,407201.6,411514.8,5399.9,0,6.0,0.24,-0.084,40.0,39.9,,,,
MID-C4H,Echo 3,WCA,5500,407201.6,411514.8,5499.9,0,6.0,0.35,-0.273,35.5,35.2,,,,
MID-C4H,Echo 3,WCA,5600,407201.6,411514.8,5599.9,0,6.0,0.58,-0.387,43.3,36.6,,,,
MID-C4H,Echo 3,WCA,5700,407201.6,411514.9,5699.9,0.03,6.0,0.08,0.028,36.4,34.0,,,,
MID-C4H,Echo 3,WCA,5800,407201.6,411514.9,5799.9,0,6.0,0.08,-0.051,49.1,30.9,,,,
MID-C4H,Echo 3,WCA,5900,407201.6,411514.9,5899.9,0,6.0,0.17,-0.086,49.9,26.5,,,,
MID-C4H,Echo 3,WCA,6000,407201.6,411515.4,5999.9,0.29,6.0,0.52,0.293,26.1,34.8,,,,
MID-C4H,Echo 3,WCA,6100,407201.6,411515.4,6099.9,0,6.0,0.79,-0.673,31.3,26.0,,,,
MID-C4H,Echo 3,WCA,6200,407201.6,411515.4,6199.9,0,6.0,0.24,-0.144,26.6,25.3,,,,
MID-C4H,Echo 3,WCA,6300,407201.7,411515.9,6299.9,0.3,6.0,0.42,0.304,49.4,27.2,,,,
MID-C4H,Echo 3,WCA,6400,407201.7,411515.9,6399.9,0,6.0,0.57,-0.538,27.3,33.6,,,,
MID-C4H,Echo 3,WCA,6500,407202.1,411519.6,6499.9,2.12,6.0,2.43,2.125,32.5,19.6,,,,
MID-C4H,Echo 3,WCA,6600,407203.0,411528.2,6599.5,4.95,6.0,2.85,2.825,48.9,36.4,,,,
MID-C4H,Echo 3,WCA,6700,407204.8,411543.8,6698.3,9.05,6.0,4.38,4.101,32.3,29.1,,,,
MID-C4H,Echo 3,WCA,6800,407207.4,411566.2,6795.7,13.01,6.0,4.28,3.961,43.3,34.5,,,,
MID-C4H,Echo 3,WCA,6900,407210.5,411594.3,6891.6,16.41,6.0,3.65,3.401,34.1,39.0,,,,
MID-C4H,Echo 3,WCA,7000,407214.1,411630.2,6984.9,21.12,6.0,4.85,4.711,47.5,19.3,,,,
MID-C4H,Echo 3,WCA,7100,407218.0,411672.9,7075.1,25.51,6.0,4.54,4.383,36.5,24.0,,,,
MID-C4H,Echo 3,WCA,7200,407223.1,411720.7,7162.9,28.67,6.0,3.36,3.16,35.8,19.9,,,,
MID-C4H,Echo 3,WCA,7300,407228.0,411773.9,7247.4,32.37,6.0,3.82,3.7,32.9,38.2,,,,
MID-C4H,Echo 3,WCA,7400,407235.0,411833.4,7327.6,36.67,6.0,4.44,4.298,47.5,23.3,,,,
MID-C4H,Echo 3,WCA,7500,407242.4,411898.1,7403.5,40.56,6.0,4.16,3.897,32.9,22.0,,,,
MID-C4H,Echo 3,WCA,7600,407250.3,411968.7,7473.9,45.26,6.0,4.71,4.699,44.6,30.0,,,,
MID-C4H,Echo 3,WCA,7700,407259.4,412044.6,7538.4,49.83,6.0,4.82,4.568,43.2,22.8,,,,
MID-C4H,Echo 3,WCA,7800,407266.6,412125.1,7597.3,53.97,6.0,4.31,4.14,47.6,39.9,,,,
MID-C4H,Echo 3,WCA,7900,407275.2,412209.4,7650.2,58.01,6.0,4.21,4.042,41.0,38.9,,,,
MID-C4H,Echo 3,WCA,8000,407285.7,412297.1,7697.4,61.86,6.0,4.14,3.844,47.2,30.6,,,,
MID-C4H,Echo 3,WCA,8100,407295.9,412388.1,7737.7,66.21,6.0,4.47,4.35,24.9,33.3,,,,
MID-C4H,Echo 3,WCA,8200,407305.0,412481.4,7772.4,69.75,6.0,3.76,3.544,32.0,37.5,,,,
MID-C4H,Echo 3,WCA,8300,407314.3,412576.9,7800.6,73.61,6.0,3.93,3.859,40.7,22.2,,,,
MID-C4H,Echo 3,WCA,8400,407325.6,412674.1,7821.7,77.78,6.0,4.42,4.168,42.9,34.6,,,,
MID-C4H,Echo 3,WCA,8500,407337.2,412772.7,7834.9,82.43,6.0,4.74,4.657,47.9,23.0,,,,
MID-C4H,Echo 3,WCA,8600,407346.9,412872.1,7841.0,86.51,6.0,4.41,4.08,30.9,34.5,,,,
MID-C4H,Echo 3,WCA,8700,407356.3,412971.5,7844.4,88.05,6.0,1.87,1.54,66.7,30.6,1,417107,11751,7035
MID-C4H,Echo 3,WCA,8800,407367.8,413071.1,7846.6,88.71,6.0,0.71,0.652,83.4,18.4,,,,
MID-C4H,Echo 3,WCA,8900,407378.4,413170.6,7847.8,89.34,6.0,0.64,0.631,71.7,35.9,2,575237,10350,6991
MID-C4H,Echo 3,WCA,9000,407387.4,413270.0,7847.8,89.97,6.0,0.77,0.632,74.9,27.8,,,,
MID-C4H,Echo 3,WCA,9100,407397.0,413369.4,7847.9,89.98,6.0,0.3,0.011,68.3,40.0,3,528794,9580,7095
MID-C4H,Echo 3,WCA,9200,407408.8,413468.9,7847.3,90.36,6.0,0.52,0.374,93.2,19.4,,,,
MID-C4H,Echo 3,WCA,9300,407419.2,413568.2,7846.9,90.19,6.0,0.41,-0.161,92.7,22.9,4,443391,11556,7073
MID-C4H,Echo 3,WCA,9400,407429.6,413667.6,7846.0,90.53,6.0,0.55,0.338,79.0,29.8,,,,
MID-C4H,Echo 3,WCA,9500,407440.9,413767.1,7845.3,90.39,6.0,0.18,-0.141,81.9,37.8,5,576403,9699,6303
MID-C4H,Echo 3,WCA,9600,407450.1,413866.5,7844.9,90.22,6.0,0.47,-0.172,97.0,22.5,,,,
MID-C4H,Echo 3,WCA,9700,407460.4,413966.0,7844.9,90.04,6.0,0.24,-0.185,83.4,39.0,6,558843,11424,7052
MID-C4H,Echo 3,WCA,9800,407472.3,414065.5,7844.6,90.17,6.0,0.39,0.132,86.1,22.6,,,,
MID-C4H,Echo 3,WCA,9900,407481.7,414164.9,7844.8,89.84,6.0,0.33,-0.325,86.6,28.4,7,530260,9852,6925
MID-C4H,Echo 3,WCA,10000,407492.4,414264.4,7844.3,90.3,6.0,0.52,0.456,99.2,37.4,,,,
MID-C4H,Echo 3,WCA,10100,407502.6,414363.8,7843.7,90.38,6.0,0.23,0.081,93.9,35.0,8,585971,11310,6126
MID-C4H,Echo 3,WCA,10200,407511.6,414463.4,7842.4,90.71,6.0,0.38,0.331,89.5,31.0,,,,
MID-C4H,Echo 3,WCA,10300,407521.8,414562.7,7841.8,90.36,6.0,0.69,-0.353,66.0,25.1,9,466182,11625,6305
MID-C4H,Echo 3,WCA,10400,407533.3,414662.0,7841.7,90.03,6.0,0.61,-0.325,91.1,29.3,,,,
MID-C4H,Echo 3,WCA,10500,407542.9,414761.6,7841.4,90.17,6.0,0.26,0.133,64.2,27.8,10,580808,9760,6375
MID-C4H,Echo 3,WCA,10600,407552.6,414861.1,7840.6,90.48,6.0,0.42,0.319,85.4,28.8,,,,
MID-C4H,Echo 3,WCA,10700,407563.0,414960.5,7839.8,90.44,6.0,0.34,-0.041,95.5,32.2,11,496498,9931,6967
MID-C4H,Echo 3,WCA,10800,407572.5,415060.1,7839.1,90.41,6.0,0.2,-0.03,72.8,34.2,,,,
MID-C4H,Echo 3,WCA,10900,407583.8,415159.5,7838.4,90.38,6.0,0.26,-0.036,93.6,23.1,12,548920,10908,7273
MID-C4H,Echo 3,WCA,11000,407594.8,415258.8,7838.4,90.01,6.0,0.51,-0.367,99.3,29.1,,,,
MID-C4H,Echo 3,WCA,11100,407605.0,415358.3,7837.6,90.44,6.0,0.52,0.429,69.4,39.2,13,359014,11672,6804
MID-C4H,Echo 3,WCA,11200,407614.2,415457.8,7837.0,90.35,6.0,0.23,-0.095,72.3,33.8,,,,
MID-C4H,Echo 3,WCA,11300,407625.3,415557.2,7836.4,90.37,6.0,0.18,0.026,69.9,31.0,14,499235,9987,6582
MID-C4H,Echo 3,WCA,11400,407634.4,415656.7,7835.9,90.29,6.0,0.39,-0.083,89.7,21.8,,,,
MID-C4H,Echo 3,WCA,11500,407643.7,415756.0,7835.3,90.36,6.0,0.13,0.069,92.9,26.1,15,392071,9368,7360
MID-C4H,Echo 3,WCA,11600,407653.5,415855.5,7834.8,90.26,6.0,0.3,-0.097,75.4,30.4,,,,
MID-C4H,Echo 3,WCA,11700,407663.1,415955.1,7835.1,89.81,6.0,0.46,-0.455,81.1,39.7,16,487012,11683,6689
MID-C4H,Echo 3,WCA,11800,407673.2,416054.5,7836.0,89.51,6.0,0.5,-0.3,99.5,36.1,,,,
MID-C4H,Echo 3,WCA,11900,407682.5,416153.9,7836.2,89.88,6.0,0.55,0.373,90.9,24.5,17,428996,8717,6889
MID-C4H,Echo 3,WCA,12000,407692.5,416253.4,7837.1,89.48,6.0,0.46,-0.396,70.9,34.2,,,,
MID-C4H,Echo 3,WCA,12100,407703.2,416352.8,7837.3,89.88,6.0,0.47,0.392,78.2,31.0,18,561880,11256,7184
MID-C4H,Echo 3,WCA,12200,407714.2,416452.2,7836.6,90.44,6.0,0.63,0.561,86.6,33.3,,,,
MID-C4H,Echo 3,WCA,12300,407725.0,416551.5,7835.5,90.62,6.0,0.18,0.183,94.5,23.9,19,343544,8584,6562
MID-C4H,Echo 3,WCA,12400,407734.8,416650.9,7835.9,89.77,6.0,0.93,-0.852,99.3,24.4,,,,
MID-C4H,Echo 3,WCA,12500,407746.7,416750.2,7836.1,89.86,6.0,0.15,0.089,69.3,24.9,20,516516,11696,7054
MID-C4H,Echo 3,WCA,12600,407757.7,416849.7,7836.4,89.86,6.0,0.16,0.001,89.3,25.4,,,,
MID-C4H,Echo 3,WCA,12700,407768.1,416949.1,7835.7,90.42,6.0,0.79,0.561,66.5,33.2,21,508597,11679,7266
MID-C4H,Echo 3,WCA,12800,407778.0,417048.5,7835.5,90.12,6.0,0.38,-0.303,95.5,20.4,,,,
MID-C4H,Echo 3,WCA,12900,407787.8,417147.8,7834.7,90.43,6.0,0.62,0.314,89.2,27.0,22,438100,10604,7209
MID-C4H,Echo 3,WCA,13000,407798.8,417247.3,7833.9,90.47,6.0,0.16,0.04,85.1,21.7,,,,
MID-C4H,Echo 3,WCA,13100,407808.6,417346.9,7834.2,89.79,6.0,1.02,-0.679,62.8,33.4,23,490205,11367,6792
MID-C4H,Echo 3,WCA,13200,407818.7,417446.3,7834.2,90.0,6.0,0.39,0.208,92.8,27.7,,,,
MID-C4H,Echo 3,WCA,13300,407829.3,417545.7,7835.2,89.47,6.0,0.6,-0.525,90.0,33.2,24,381673,10166,7227
MID-C4H,Echo 3,WCA,13400,407839.9,417645.0,7836.4,89.27,6.0,0.29,-0.202,69.4,37.7,,,,
MID-C4H,Echo 3,WCA,13500,407850.8,417744.4,7836.6,89.9,6.0,0.79,0.623,77.5,27.5,25,433659,10963,7332
MID-C4H,Echo 3,WCA,13600,407859.8,417843.9,7837.6,89.42,6.0,0.7,-0.48,86.5,19.8,,,,
MID-C4H,Echo 3,WCA,13700,407870.1,417943.2,7838.1,89.73,6.0,0.57,0.315,96.4,27.3,26,441042,11629,6775
MID-C4H,Echo 3,WCA,13800,407880.2,418042.8,7837.8,90.15,6.0,0.44,0.422,82.3,35.1,,,,
MID-C4H,Echo 3,WCA,13900,407891.3,418142.2,7836.8,90.59,6.0,0.54,0.433,97.3,27.1,27,400113,8907,6446
MID-C4H,Echo 3,WCA,14000,407902.8,418241.7,7835.8,90.58,6.0,0.16,-0.002,78.6,30.8,,,,
MID-C4H,Echo 3,WCA,14100,407914.6,418341.1,7835.3,90.3,6.0,0.59,-0.287,69.2,37.4,28,454639,11213,6837
MID-C4H,Echo 3,WCA,14200,407926.3,418440.6,7835.5,89.88,6.0,0.53,-0.415,86.1,38.1,,,,
MID-C4H,Echo 3,WCA,14300,407936.4,418540.2,7834.9,90.32,6.0,0.52,0.443,84.2,32.5,29,515698,11073,6750
MID-C4H,Echo 3,WCA,14400,407946.2,418639.5,7833.7,90.69,6.0,0.38,0.364,79.4,22.5,,,,
MID-C4H,Echo 3,WCA,14500,407958.1,418738.8,7833.5,90.12,6.0,0.7,-0.569,62.4,24.8,30,419959,11478,6497
MID-C4H,Echo 3,WCA,14600,407967.9,418838.2,7832.5,90.57,6.0,0.79,0.447,91.5,27.4,,,,
MID-C4H,Echo 3,WCA,14700,407977.3,418937.5,7832.9,89.81,6.0,1.08,-0.758,82.2,40.0,31,542712,10416,6189
MID-C4H,Echo 3,WCA,14800,407986.7,419036.8,7833.1,89.87,6.0,0.35,0.063,73.6,25.5,,,,
MID-C4H,Echo 3,WCA,14900,407997.1,419136.3,7833.8,89.61,6.0,0.56,-0.26,96.6,18.6,32,567721,8208,6338
MID-C4H,Echo 3,WCA,15000,408006.8,419235.6,7834.8,89.4,6.0,0.28,-0.209,69.8,31.1,,,,
MID-C4H,Echo 3,WCA,15100,408016.6,419335.0,7834.4,90.24,6.0,0.89,0.84,72.3,21.4,33,533786,10252,6406
MID-C4H,Echo 3,WCA,15200,408027.5,419434.6,7834.1,90.16,6.0,0.38,-0.084,82.8,30.5,,,,
MID-C4H,Echo 3,WCA,15300,408037.1,419534.2,7833.2,90.5,6.0,0.42,0.345,93.3,28.0,34,421442,11597,7351
MID-C4H,Echo 3,WCA,15400,408048.9,419633.7,7833.0,90.14,6.0,0.41,-0.363,99.5,28.2,,,,
MID-C4H,Echo 3,WCA,15500,408059.4,419733.2,7833.6,89.67,6.0,0.59,-0.473,83.1,22.9,35,561339,11762,6693
MID-C4H,Echo 3,WCA,15600,408069.0,419832.8,7833.9,89.8,6.0,0.38,0.131,65.9,40.0,,,,
MID-C4H,Echo 3,WCA,15700,408080.8,419932.2,7835.0,89.37,6.0,0.46,-0.433,86.8,34.4,36,407273,9001,6961
MID-C4H,Echo 3,WCA,15800,408091.2,420031.7,7836.2,89.34,6.0,0.37,-0.027,71.2,38.1,,,,
MID-C4H,Echo 3,WCA,15900,408102.6,420131.3,7836.7,89.71,6.0,0.38,0.374,88.1,30.7,37,500344,10543,6463
MID-C4H,Echo 3,WCA,16000,408112.7,420230.7,7836.5,90.09,6.0,0.55,0.378,85.3,24.6,,,,
MID-C4H,Echo 3,WCA,16100,408123.0,420330.0,7836.7,89.91,6.0,0.41,-0.179,97.8,30.9,38,503567,10092,6726
MID-C4H,Echo 3,WCA,16200,408134.5,420429.5,7837.0,89.81,6.0,0.35,-0.103,87.2,32.3,,,,
MID-C4H,Echo 3,WCA,16300,408143.5,420529.0,7836.2,90.45,6.0,0.8,0.636,70.7,35.4,39,436845,9127,7258
MID-C4H,Echo 3,WCA,16400,408153.2,420628.4,7836.0,90.1,6.0,0.56,-0.347,68.0,19.0,,,,
MID-C4H,Echo 3,WCA,16500,408163.4,420727.9,7836.0,90.03,6.0,0.08,-0.073,69.9,28.7,40,406186,8903,6516
MID-C4H,Echo 3,WCA,16600,408174.7,420827.3,7835.3,90.41,6.0,0.48,0.388,90.6,26.9,,,,
MID-C4H,Echo 3,WCA,16700,408184.2,420926.7,7834.7,90.35,6.0,0.32,-0.061,67.6,29.2,41,390519,9303,6679
MID-C4H,Echo 3,WCA,16800,408194.3,421026.2,7833.7,90.57,6.0,0.28,0.219,94.9,36.5,,,,
MID-C4H,Echo 3,WCA,16900,408203.9,421125.5,7832.5,90.69,6.0,0.33,0.119,82.3,19.0,42,530588,9019,6192
MID-C4H,Echo 3,WCA,17000,408215.6,421224.9,7832.6,89.94,6.0,0.92,-0.75,67.2,35.9,,,,
MID-C4H,Echo 3,WCA,17100,408226.3,421324.2,7832.6,89.96,6.0,0.11,0.018,63.8,28.1,43,345013,10127,7269
MID-C4H,Echo 3,WCA,17200,408235.6,421423.8,7833.0,89.77,6.0,0.2,-0.189,82.1,25.8,,,,
MID-C4H,Echo 3,WCA,17300,408245.8,421523.2,7833.2,89.9,6.0,0.27,0.126,63.1,34.2,44,593258,9640,7407
MID-C4H,Echo 3,WCA,17400,408255.7,421622.6,7833.5,89.86,6.0,0.21,-0.037,63.6,30.8,,,,
MID-C4H,Echo 3,WCA,17500,408265.8,421722.2,7833.3,90.07,6.0,0.27,0.208,91.8,30.7,45,363680,11017,6283
